[0,-1];685;null;001;720;686;maps/fondos/snow-tile.png;null;snow;90
[1,-1];686;null;002;685;687;maps/fondos/snow-tile.png;null;snow;90
[2,-1];687;null;003;686;688;maps/fondos/snow-tile.png;null;snow;90
[3,-1];688;null;004;687;689;maps/fondos/snow-tile.png;null;snow;90
[4,-1];689;null;005;688;690;maps/fondos/snow-tile.png;null;snow;90
[5,-1];690;null;006;689;691;maps/fondos/snow-tile.png;null;snow;90
[6,-1];691;null;007;690;692;maps/fondos/snow-tile.png;null;snow;90
[7,-1];692;null;008;691;693;maps/fondos/snow-tile.png;null;snow;90
[8,-1];693;null;009;692;694;maps/fondos/snow-tile.png;null;snow;90
[9,-1];694;null;010;693;695;maps/fondos/snow-tile.png;null;snow;90
[10,-1];695;null;011;694;696;maps/fondos/snow-tile.png;null;snow;90
[11,-1];696;null;012;695;697;maps/fondos/snow-tile.png;null;snow;90
[12,-1];697;null;013;696;698;maps/fondos/snow-tile.png;null;snow;90
[13,-1];698;null;014;697;699;maps/fondos/snow-tile.png;null;snow;90
[14,-1];699;null;015;698;700;maps/fondos/snow-tile.png;null;snow;90
[15,-1];700;null;016;699;701;maps/fondos/snow-tile.png;null;snow;90
[16,-1];701;null;017;700;702;maps/fondos/snow-tile.png;null;snow;90
[17,-1];702;null;018;701;703;maps/fondos/snow-tile.png;null;snow;90
[18,-1];703;null;019;702;704;maps/fondos/snow-tile.png;null;snow;90
[19,-1];704;null;020;703;705;maps/fondos/snow-tile.png;null;snow;90
[20,-1];705;null;021;704;706;maps/fondos/snow-tile.png;null;snow;90
[21,-1];706;null;022;705;707;maps/fondos/snow-tile.png;null;snow;90
[22,-1];707;null;023;706;708;maps/fondos/snow-tile.png;null;snow;90
[23,-1];708;null;024;707;709;maps/fondos/snow-tile.png;null;snow;90
[24,-1];709;null;025;708;710;maps/fondos/snow-tile.png;null;snow;90
[25,-1];710;null;026;709;711;maps/fondos/snow-tile.png;null;snow;90
[26,-1];711;null;027;710;712;maps/fondos/snow-tile.png;null;snow;90
[27,-1];712;null;028;711;713;maps/fondos/snow-tile.png;null;snow;90
[28,-1];713;null;029;712;714;maps/fondos/snow-tile.png;null;snow;90
[29,-1];714;null;030;713;715;maps/fondos/snow-tile.png;null;snow;90
[30,-1];715;null;031;714;716;maps/fondos/snow-tile.png;null;snow;90
[31,-1];716;null;032;715;717;maps/fondos/snow-tile.png;null;snow;90
[32,-1];717;null;033;716;718;maps/fondos/snow-tile.png;null;snow;90
[33,-1];718;null;034;717;719;maps/fondos/snow-tile.png;null;snow;90
[34,-1];719;null;035;718;720;maps/fondos/snow-tile.png;null;snow;90
[35,-1];720;null;036;719;685;maps/fondos/snow-tile.png;null;snow;90
[0,0];001;685;037;036;002;maps/fondos/new-world/001.png;null;snow;90
[1,0];002;686;038;001;003;maps/fondos/new-world/002.png;null;snow;90
[2,0];003;687;039;002;004;maps/fondos/new-world/003.png;null;snow;90
[3,0];004;688;040;003;005;maps/fondos/new-world/004.png;null;snow;90
[4,0];005;689;041;004;006;maps/fondos/new-world/005.png;null;snow;90
[5,0];006;690;042;005;007;maps/fondos/new-world/006.png;null;snow;90
[6,0];007;691;043;006;008;maps/fondos/new-world/007.png;null;snow;90
[7,0];008;692;044;007;009;maps/fondos/new-world/008.png;null;snow;90
[8,0];009;693;045;008;010;maps/fondos/new-world/009.png;null;snow;90
[9,0];010;694;046;009;011;maps/fondos/new-world/010.png;null;snow;90
[10,0];011;695;047;010;012;maps/fondos/new-world/011.png;null;snow;90
[11,0];012;696;048;011;013;maps/fondos/new-world/012.png;null;snow;90
[12,0];013;697;049;012;014;maps/fondos/new-world/013.png;null;snow;90
[13,0];014;698;050;013;015;maps/fondos/new-world/014.png;null;snow;90
[14,0];015;699;051;014;016;maps/fondos/new-world/015.png;null;snow;90
[15,0];016;700;052;015;017;maps/fondos/new-world/016.png;null;snow;90
[16,0];017;701;053;016;018;maps/fondos/new-world/017.png;null;snow;90
[17,0];018;702;054;017;019;maps/fondos/new-world/018.png;null;snow;90
[18,0];019;703;055;018;020;maps/fondos/new-world/019.png;null;snow;90
[19,0];020;704;056;019;021;maps/fondos/new-world/020.png;null;snow;90
[20,0];021;705;057;020;022;maps/fondos/new-world/021.png;null;snow;90
[21,0];022;706;058;021;023;maps/fondos/new-world/022.png;null;snow;90
[22,0];023;707;059;022;024;maps/fondos/new-world/023.png;null;snow;90
[23,0];024;708;060;023;025;maps/fondos/new-world/024.png;null;snow;90
[24,0];025;709;061;024;026;maps/fondos/new-world/025.png;null;snow;90
[25,0];026;710;062;025;027;maps/fondos/new-world/026.png;null;snow;90
[26,0];027;711;063;026;028;maps/fondos/new-world/027.png;null;snow;90
[27,0];028;712;064;027;029;maps/fondos/new-world/028.png;null;snow;90
[28,0];029;713;065;028;030;maps/fondos/new-world/029.png;null;snow;90
[29,0];030;714;066;029;031;maps/fondos/new-world/030.png;null;snow;90
[30,0];031;715;067;030;032;maps/fondos/new-world/031.png;null;snow;90
[31,0];032;716;068;031;033;maps/fondos/new-world/032.png;null;snow;90
[32,0];033;717;069;032;034;maps/fondos/new-world/033.png;null;snow;90
[33,0];034;718;070;033;035;maps/fondos/new-world/034.png;null;snow;90
[34,0];035;719;071;034;036;maps/fondos/new-world/035.png;null;snow;90
[35,0];036;720;072;035;001;maps/fondos/new-world/036.png;null;snow;90
[0,1];037;001;073;072;038;maps/fondos/water-tile.png;null;water;80
[1,1];038;002;074;037;039;maps/fondos/water-tile.png;null;water;80
[2,1];039;003;075;038;040;maps/fondos/water-tile.png;null;water;80
[3,1];040;004;076;039;041;maps/fondos/water-tile.png;null;water;80
[4,1];041;005;077;040;042;maps/fondos/water-tile.png;null;water;80
[5,1];042;006;078;041;043;maps/fondos/water-tile.png;null;water;80
[6,1];043;007;079;042;044;maps/fondos/water-tile.png;null;water;80
[7,1];044;008;080;043;045;maps/fondos/water-tile.png;null;water;80
[8,1];045;009;081;044;046;maps/fondos/water-tile.png;null;water;80
[9,1];046;010;082;045;047;maps/fondos/water-tile.png;null;water;80
[10,1];047;011;083;046;048;maps/fondos/water-tile.png;null;water;80
[11,1];048;012;084;047;049;maps/fondos/water-tile.png;null;water;80
[12,1];049;013;085;048;050;maps/fondos/water-tile.png;null;water;80
[13,1];050;014;086;049;051;maps/fondos/water-tile.png;null;water;80
[14,1];051;015;087;050;052;maps/fondos/water-tile.png;null;water;80
[15,1];052;016;088;051;053;maps/fondos/water-tile.png;null;water;80
[16,1];053;017;089;052;054;maps/fondos/water-tile.png;null;water;80
[17,1];054;018;090;053;055;maps/fondos/water-tile.png;null;water;80
[18,1];055;019;091;054;056;maps/fondos/water-tile.png;null;water;80
[19,1];056;020;092;055;057;maps/fondos/water-tile.png;null;water;80
[20,1];057;021;093;056;058;maps/fondos/water-tile.png;null;water;80
[21,1];058;022;094;057;059;maps/fondos/water-tile.png;null;water;80
[22,1];059;023;095;058;060;maps/fondos/water-tile.png;null;water;80
[23,1];060;024;096;059;061;maps/fondos/water-tile.png;null;water;80
[24,1];061;025;097;060;062;maps/fondos/water-tile.png;null;water;80
[25,1];062;026;098;061;063;maps/fondos/water-tile.png;null;water;80
[26,1];063;027;099;062;064;maps/fondos/water-tile.png;null;water;80
[27,1];064;028;100;063;065;maps/fondos/water-tile.png;null;water;80
[28,1];065;029;101;064;066;maps/fondos/water-tile.png;null;water;80
[29,1];066;030;102;065;067;maps/fondos/water-tile.png;null;water;80
[30,1];067;031;103;066;068;maps/fondos/water-tile.png;null;water;80
[31,1];068;032;104;067;069;maps/fondos/water-tile.png;null;water;80
[32,1];069;033;105;068;070;maps/fondos/water-tile.png;null;water;80
[33,1];070;034;106;069;071;maps/fondos/water-tile.png;null;water;80
[34,1];071;035;107;070;072;maps/fondos/water-tile.png;null;water;80
[35,1];072;036;108;071;037;maps/fondos/water-tile.png;null;water;80
[0,2];073;037;109;108;074;maps/fondos/water-tile.png;null;water;70
[1,2];074;038;110;073;075;maps/fondos/water-tile.png;null;water;70
[2,2];075;039;111;074;076;maps/fondos/water-tile.png;null;water;70
[3,2];076;040;112;075;077;maps/fondos/water-tile.png;null;water;70
[4,2];077;041;113;076;078;maps/fondos/new-world/077.png;null;beach;70
[5,2];078;042;114;077;079;maps/fondos/new-world/078.png;null;beach;70
[6,2];079;043;115;078;080;maps/fondos/new-world/079.png;null;beach;70
[7,2];080;044;116;079;081;maps/fondos/new-world/080.png;null;beach;70
[8,2];081;045;117;080;082;maps/fondos/new-world/081.png;null;beach;70
[9,2];082;046;118;081;083;maps/fondos/new-world/082.png;null;beach;70
[10,2];083;047;119;082;084;maps/fondos/new-world/083.png;null;beach;70
[11,2];084;048;120;083;085;maps/fondos/new-world/084.png;null;beach;70
[12,2];085;049;121;084;086;maps/fondos/new-world/085.png;null;beach;70
[13,2];086;050;122;085;087;maps/fondos/new-world/086.png;null;beach;70
[14,2];087;051;123;086;088;maps/fondos/new-world/087.png;null;beach;70
[15,2];088;052;124;087;089;maps/fondos/water-tile.png;null;water;70
[16,2];089;053;125;088;090;maps/fondos/water-tile.png;null;water;70
[17,2];090;054;126;089;091;maps/fondos/water-tile.png;null;water;70
[18,2];091;055;127;090;092;maps/fondos/water-tile.png;null;water;70
[19,2];092;056;128;091;093;maps/fondos/water-tile.png;null;water;70
[20,2];093;057;129;092;094;maps/fondos/water-tile.png;null;water;70
[21,2];094;058;130;093;095;maps/fondos/water-tile.png;null;water;70
[22,2];095;059;131;094;096;maps/fondos/water-tile.png;null;water;70
[23,2];096;060;132;095;097;maps/fondos/water-tile.png;null;water;70
[24,2];097;061;133;096;098;maps/fondos/water-tile.png;null;water;70
[25,2];098;062;134;097;099;maps/fondos/water-tile.png;null;water;70
[26,2];099;063;135;098;100;maps/fondos/water-tile.png;null;water;70
[27,2];100;064;136;099;101;maps/fondos/water-tile.png;null;water;70
[28,2];101;065;137;100;102;maps/fondos/water-tile.png;null;water;70
[29,2];102;066;138;101;103;maps/fondos/water-tile.png;null;water;70
[30,2];103;067;139;102;104;maps/fondos/water-tile.png;null;water;70
[31,2];104;068;140;103;105;maps/fondos/water-tile.png;null;water;70
[32,2];105;069;141;104;106;maps/fondos/water-tile.png;null;water;70
[33,2];106;070;142;105;107;maps/fondos/water-tile.png;null;water;70
[34,2];107;071;143;106;108;maps/fondos/water-tile.png;null;water;70
[35,2];108;072;144;107;073;maps/fondos/water-tile.png;null;water;70
[0,3];109;073;145;144;110;maps/fondos/water-tile.png;null;water;60
[1,3];110;074;146;109;111;maps/fondos/water-tile.png;null;water;60
[2,3];111;075;147;110;112;maps/fondos/water-tile.png;null;water;60
[3,3];112;076;148;111;113;maps/fondos/new-world/112.png;null;beach;60
[4,3];113;077;149;112;114;maps/fondos/new-world/113.png;null;beach;60
[5,3];114;078;150;113;115;maps/fondos/new-world/114.png;null;beach;60
[6,3];115;079;151;114;116;maps/fondos/new-world/115.png;null;beach;60
[7,3];116;080;152;115;117;maps/fondos/grass-tile.png;null;land;60
[8,3];117;081;153;116;118;maps/fondos/grass-tile.png;null;land;60
[9,3];118;082;154;117;119;maps/fondos/new-world/118.png;null;beach;60
[10,3];119;083;155;118;120;maps/fondos/new-world/119.png;null;beach;60
[11,3];120;084;156;119;121;maps/fondos/grass-tile.png;null;land;60
[12,3];121;085;157;120;122;maps/fondos/new-world/121.png;null;beach;60
[13,3];122;086;158;121;123;maps/fondos/new-world/122.png;null;beach;60
[14,3];123;087;159;122;124;maps/fondos/new-world/123.png;null;beach;60
[15,3];124;088;160;123;125;maps/fondos/new-world/124.png;null;beach;60
[16,3];125;089;161;124;126;maps/fondos/new-world/125.png;null;beach;60
[17,3];126;090;162;125;127;maps/fondos/water-tile.png;null;water;60
[18,3];127;091;163;126;128;maps/fondos/water-tile.png;null;water;60
[19,3];128;092;164;127;129;maps/fondos/new-world/128.png;null;beach;60
[20,3];129;093;165;128;130;maps/fondos/new-world/129.png;null;beach;60
[21,3];130;094;166;129;131;maps/fondos/new-world/130.png;null;beach;60
[22,3];131;095;167;130;132;maps/fondos/new-world/131.png;null;beach;60
[23,3];132;096;168;131;133;maps/fondos/new-world/132.png;null;beach;60
[24,3];133;097;169;132;134;maps/fondos/new-world/133.png;null;beach;60
[25,3];134;098;170;133;135;maps/fondos/new-world/134.png;null;beach;60
[26,3];135;099;171;134;136;maps/fondos/new-world/135.png;null;beach;60
[27,3];136;100;172;135;137;maps/fondos/water-tile.png;null;water;60
[28,3];137;101;173;136;138;maps/fondos/water-tile.png;null;water;60
[29,3];138;102;174;137;139;maps/fondos/new-world/138.png;null;beach;60
[30,3];139;103;175;138;140;maps/fondos/new-world/139.png;null;beach;60
[31,3];140;104;176;139;141;maps/fondos/new-world/140.png;null;beach;60
[32,3];141;105;177;140;142;maps/fondos/new-world/141.png;null;beach;60
[33,3];142;106;178;141;143;maps/fondos/water-tile.png;null;water;60
[34,3];143;107;179;142;144;maps/fondos/water-tile.png;null;water;60
[35,3];144;108;180;143;109;maps/fondos/water-tile.png;null;water;60
[0,4];145;109;181;180;146;maps/fondos/water-tile.png;null;water;50
[1,4];146;110;182;145;147;maps/fondos/water-tile.png;null;water;50
[2,4];147;111;183;146;148;maps/fondos/new-world/147.png;null;beach;50
[3,4];148;112;184;147;149;maps/fondos/new-world/148.png;null;beach;50
[4,4];149;113;185;148;150;maps/fondos/grass-tile.png;null;land;50
[5,4];150;114;186;149;151;maps/fondos/grass-tile.png;null;land;50
[6,4];151;115;187;150;152;maps/fondos/grass-tile.png;null;land;50
[7,4];152;116;188;151;153;maps/fondos/grass-tile.png;null;land;50
[8,4];153;117;189;152;154;maps/fondos/grass-tile.png;null;land;50
[9,4];154;118;190;153;155;maps/fondos/grass-tile.png;null;land;50
[10,4];155;119;191;154;156;maps/fondos/grass-tile.png;null;land;50
[11,4];156;120;192;155;157;maps/fondos/grass-tile.png;null;land;50
[12,4];157;121;193;156;158;maps/fondos/grass-tile.png;null;land;50
[13,4];158;122;194;157;159;maps/fondos/grass-tile.png;null;land;50
[14,4];159;123;195;158;160;maps/fondos/grass-tile.png;null;land;50
[15,4];160;124;196;159;161;maps/fondos/new-world/160.png;null;beach;50
[16,4];161;125;197;160;162;maps/fondos/new-world/161.png;null;beach;50
[17,4];162;126;198;161;163;maps/fondos/water-tile.png;null;water;50
[18,4];163;127;199;162;164;maps/fondos/new-world/163.png;null;beach;50
[19,4];164;128;200;163;165;maps/fondos/new-world/164.png;null;beach;50
[20,4];165;129;201;164;166;maps/fondos/grass-tile.png;null;land;50
[21,4];166;130;202;165;167;maps/fondos/grass-tile.png;null;land;50
[22,4];167;131;203;166;168;maps/fondos/grass-tile.png;null;land;50
[23,4];168;132;204;167;169;maps/fondos/grass-tile.png;null;land;50
[24,4];169;133;205;168;170;maps/fondos/grass-tile.png;null;land;50
[25,4];170;134;206;169;171;maps/fondos/grass-tile.png;null;land;50
[26,4];171;135;207;170;172;maps/fondos/new-world/171.png;null;beach;50
[27,4];172;136;208;171;173;maps/fondos/water-tile.png;null;water;50
[28,4];173;137;209;172;174;maps/fondos/new-world/173.png;null;beach;50
[29,4];174;138;210;173;175;maps/fondos/new-world/174.png;null;beach;50
[30,4];175;139;211;174;176;maps/fondos/grass-tile.png;null;land;50
[31,4];176;140;212;175;177;maps/fondos/grass-tile.png;null;land;50
[32,4];177;141;213;176;178;maps/fondos/new-world/177.png;null;beach;50
[33,4];178;142;214;177;179;maps/fondos/new-world/178.png;null;beach;50
[34,4];179;143;215;178;180;maps/fondos/water-tile.png;null;water;50
[35,4];180;144;216;179;145;maps/fondos/water-tile.png;null;water;50
[0,5];181;145;217;216;182;maps/fondos/water-tile.png;null;water;40
[1,5];182;146;218;181;183;maps/fondos/water-tile.png;null;water;40
[2,5];183;147;219;182;184;maps/fondos/new-world/183.png;null;beach;40
[3,5];184;148;220;183;185;maps/fondos/new-world/184.png;null;beach;40
[4,5];185;149;221;184;186;maps/fondos/grass-tile.png;null;land;40
[5,5];186;150;222;185;187;maps/fondos/grass-tile.png;null;land;40
[6,5];187;151;223;186;188;maps/fondos/grass-tile.png;null;land;40
[7,5];188;152;224;187;189;maps/fondos/grass-tile.png;null;land;40
[8,5];189;153;225;188;190;maps/fondos/grass-tile.png;null;land;40
[9,5];190;154;226;189;191;maps/fondos/grass-tile.png;null;land;40
[10,5];191;155;227;190;192;maps/fondos/grass-tile.png;null;land;40
[11,5];192;156;228;191;193;maps/fondos/grass-tile.png;null;land;40
[12,5];193;157;229;192;194;maps/fondos/grass-tile.png;null;land;40
[13,5];194;158;230;193;195;maps/fondos/grass-tile.png;null;land;40
[14,5];195;159;231;194;196;maps/fondos/grass-tile.png;null;land;40
[15,5];196;160;232;195;197;maps/fondos/new-world/196.png;null;beach;40
[16,5];197;161;233;196;198;maps/fondos/new-world/197.png;null;beach;40
[17,5];198;162;234;197;199;maps/fondos/new-world/198.png;null;beach;40
[18,5];199;163;235;198;200;maps/fondos/new-world/199.png;null;beach;40
[19,5];200;164;236;199;201;maps/fondos/grass-tile.png;null;land;40
[20,5];201;165;237;200;202;maps/fondos/grass-tile.png;null;land;40
[21,5];202;166;238;201;203;maps/fondos/grass-tile.png;null;land;40
[22,5];203;167;239;202;204;maps/fondos/grass-tile.png;null;land;40
[23,5];204;168;240;203;205;maps/fondos/grass-tile.png;null;land;40
[24,5];205;169;241;204;206;maps/fondos/grass-tile.png;null;land;40
[25,5];206;170;242;205;207;maps/fondos/grass-tile.png;null;land;40
[26,5];207;171;243;206;208;maps/fondos/new-world/207.png;null;beach;40
[27,5];208;172;244;207;209;maps/fondos/new-world/208.png;null;beach;40
[28,5];209;173;245;208;210;maps/fondos/water-tile.png;null;water;40
[29,5];210;174;246;209;211;maps/fondos/new-world/210.png;null;beach;40
[30,5];211;175;247;210;212;maps/fondos/grass-tile.png;null;land;40
[31,5];212;176;248;211;213;maps/fondos/grass-tile.png;null;land;40
[32,5];213;177;249;212;214;maps/fondos/new-world/213.png;null;beach;40
[33,5];214;178;250;213;215;maps/fondos/new-world/214.png;null;beach;40
[34,5];215;179;251;214;216;maps/fondos/water-tile.png;null;water;40
[35,5];216;180;252;215;181;maps/fondos/water-tile.png;null;water;40
[0,6];217;181;253;252;218;maps/fondos/water-tile.png;null;water;30
[1,6];218;182;254;217;219;maps/fondos/water-tile.png;null;water;30
[2,6];219;183;255;218;220;maps/fondos/new-world/219.png;null;beach;30
[3,6];220;184;256;219;221;maps/fondos/new-world/220.png;null;beach;30
[4,6];221;185;257;220;222;maps/fondos/grass-tile.png;null;land;30
[5,6];222;186;258;221;223;maps/fondos/grass-tile.png;null;land;30
[6,6];223;187;259;222;224;maps/fondos/grass-tile.png;null;land;30
[7,6];224;188;260;223;225;maps/fondos/grass-tile.png;null;land;30
[8,6];225;189;261;224;226;maps/fondos/grass-tile.png;null;land;30
[9,6];226;190;262;225;227;maps/fondos/grass-tile.png;null;land;30
[10,6];227;191;263;226;228;maps/fondos/grass-tile.png;null;land;30
[11,6];228;192;264;227;229;maps/fondos/grass-tile.png;null;land;30
[12,6];229;193;265;228;230;maps/fondos/new-world/229.png;null;beach;30
[13,6];230;194;266;229;231;maps/fondos/new-world/230.png;null;beach;30
[14,6];231;195;267;230;232;maps/fondos/new-world/231.png;null;beach;30
[15,6];232;196;268;231;233;maps/fondos/new-world/232.png;null;beach;30
[16,6];233;197;269;232;234;maps/fondos/water-tile.png;null;water;30
[17,6];234;198;270;233;235;maps/fondos/new-world/234.png;null;beach;30
[18,6];235;199;271;234;236;maps/fondos/new-world/235.png;null;beach;30
[19,6];236;200;272;235;237;maps/fondos/new-world/236.png;null;beach;30
[20,6];237;201;273;236;238;maps/fondos/grass-tile.png;null;land;30
[21,6];238;202;274;237;239;maps/fondos/grass-tile.png;null;land;30
[22,6];239;203;275;238;240;maps/fondos/grass-tile.png;null;land;30
[23,6];240;204;276;239;241;maps/fondos/grass-tile.png;null;land;30
[24,6];241;205;277;240;242;maps/fondos/grass-tile.png;null;land;30
[25,6];242;206;278;241;243;maps/fondos/grass-tile.png;null;land;30
[26,6];243;207;279;242;244;maps/fondos/grass-tile.png;null;land;30
[27,6];244;208;280;243;245;maps/fondos/new-world/244.png;null;beach;30
[28,6];245;209;281;244;246;maps/fondos/water-tile.png;null;water;30
[29,6];246;210;282;245;247;maps/fondos/new-world/246.png;null;beach;30
[30,6];247;211;283;246;248;maps/fondos/new-world/247.png;null;beach;30
[31,6];248;212;284;247;249;maps/fondos/grass-tile.png;null;land;30
[32,6];249;213;285;248;250;maps/fondos/grass-tile.png;null;land;30
[33,6];250;214;286;249;251;maps/fondos/new-world/250.png;null;beach;30
[34,6];251;215;287;250;252;maps/fondos/water-tile.png;null;water;30
[35,6];252;216;288;251;217;maps/fondos/water-tile.png;null;water;30
[0,7];253;217;289;288;254;maps/fondos/water-tile.png;null;water;20
[1,7];254;218;290;253;255;maps/fondos/water-tile.png;null;water;20
[2,7];255;219;291;254;256;maps/fondos/water-tile.png;null;water;20
[3,7];256;220;292;255;257;maps/fondos/new-world/256.png;null;beach;20
[4,7];257;221;293;256;258;maps/fondos/grass-tile.png;null;land;20
[5,7];258;222;294;257;259;maps/fondos/grass-tile.png;null;land;20
[6,7];259;223;295;258;260;maps/fondos/grass-tile.png;null;land;20
[7,7];260;224;296;259;261;maps/fondos/grass-tile.png;null;land;20
[8,7];261;225;297;260;262;maps/fondos/grass-tile.png;null;land;20
[9,7];262;226;298;261;263;maps/fondos/grass-tile.png;null;land;20
[10,7];263;227;299;262;264;maps/fondos/grass-tile.png;null;land;20
[11,7];264;228;300;263;265;maps/fondos/grass-tile.png;null;land;20
[12,7];265;229;301;264;266;maps/fondos/new-world/265.png;null;beach;20
[13,7];266;230;302;265;267;maps/fondos/water-tile.png;null;water;20
[14,7];267;231;303;266;268;maps/fondos/water-tile.png;null;water;20
[15,7];268;232;304;267;269;maps/fondos/water-tile.png;null;water;20
[16,7];269;233;305;268;270;maps/fondos/water-tile.png;null;water;20
[17,7];270;234;306;269;271;maps/fondos/water-tile.png;null;water;20
[18,7];271;235;307;270;272;maps/fondos/water-tile.png;null;water;20
[19,7];272;236;308;271;273;maps/fondos/new-world/272.png;null;beach;20
[20,7];273;237;309;272;274;maps/fondos/grass-tile.png;null;land;20
[21,7];274;238;310;273;275;maps/fondos/grass-tile.png;null;land;20
[22,7];275;239;311;274;276;maps/fondos/grass-tile.png;null;land;20
[23,7];276;240;312;275;277;maps/fondos/grass-tile.png;null;land;20
[24,7];277;241;313;276;278;maps/fondos/grass-tile.png;null;land;20
[25,7];278;242;314;277;279;maps/fondos/grass-tile.png;null;land;20
[26,7];279;243;315;278;280;maps/fondos/grass-tile.png;null;land;20
[27,7];280;244;316;279;281;maps/fondos/new-world/280.png;null;beach;20
[28,7];281;245;317;280;282;maps/fondos/new-world/281.png;null;beach;20
[29,7];282;246;318;281;283;maps/fondos/water-tile.png;null;water;20
[30,7];283;247;319;282;284;maps/fondos/new-world/283.png;null;beach;20
[31,7];284;248;320;283;285;maps/fondos/grass-tile.png;null;land;20
[32,7];285;249;321;284;286;maps/fondos/grass-tile.png;null;land;20
[33,7];286;250;322;285;287;maps/fondos/new-world/286.png;null;beach;20
[34,7];287;251;323;286;288;maps/fondos/water-tile.png;null;water;20
[35,7];288;252;324;287;253;maps/fondos/water-tile.png;null;water;20
[0,8];289;253;325;324;290;maps/fondos/water-tile.png;null;water;10
[1,8];290;254;326;289;291;maps/fondos/water-tile.png;null;water;10
[2,8];291;255;327;290;292;maps/fondos/new-world/291.png;null;beach;10
[3,8];292;256;328;291;293;maps/fondos/new-world/292.png;null;beach;10
[4,8];293;257;329;292;294;maps/fondos/grass-tile.png;null;land;10
[5,8];294;258;330;293;295;maps/fondos/grass-tile.png;null;land;10
[6,8];295;259;331;294;296;maps/fondos/grass-tile.png;null;land;10
[7,8];296;260;332;295;297;maps/fondos/grass-tile.png;null;land;10
[8,8];297;261;333;296;298;maps/fondos/grass-tile.png;null;land;10
[9,8];298;262;334;297;299;maps/fondos/grass-tile.png;null;land;10
[10,8];299;263;335;298;300;maps/fondos/grass-tile.png;null;land;10
[11,8];300;264;336;299;301;maps/fondos/new-world/300.png;null;beach;10
[12,8];301;265;337;300;302;maps/fondos/new-world/301.png;null;beach;10
[13,8];302;266;338;301;303;maps/fondos/new-world/302.png;null;beach;10
[14,8];303;267;339;302;304;maps/fondos/new-world/303.png;null;beach;10
[15,8];304;268;340;303;305;maps/fondos/new-world/304.png;null;beach;10
[16,8];305;269;341;304;306;maps/fondos/new-world/305.png;null;beach;10
[17,8];306;270;342;305;307;maps/fondos/water-tile.png;null;water;10
[18,8];307;271;343;306;308;maps/fondos/water-tile.png;null;water;10
[19,8];308;272;344;307;309;maps/fondos/new-world/308.png;null;beach;10
[20,8];309;273;345;308;310;maps/fondos/grass-tile.png;null;land;10
[21,8];310;274;346;309;311;maps/fondos/grass-tile.png;null;land;10
[22,8];311;275;347;310;312;maps/fondos/grass-tile.png;null;land;10
[23,8];312;276;348;311;313;maps/fondos/grass-tile.png;null;land;10
[24,8];313;277;349;312;314;maps/fondos/grass-tile.png;null;land;10
[25,8];314;278;350;313;315;maps/fondos/grass-tile.png;null;land;10
[26,8];315;279;351;314;316;maps/fondos/grass-tile.png;null;land;10
[27,8];316;280;352;315;317;maps/fondos/new-world/316.png;null;beach;10
[28,8];317;281;353;316;318;maps/fondos/new-world/317.png;null;beach;10
[29,8];318;282;354;317;319;maps/fondos/water-tile.png;null;water;10
[30,8];319;283;355;318;320;maps/fondos/new-world/319.png;null;beach;10
[31,8];320;284;356;319;321;maps/fondos/grass-tile.png;null;land;10
[32,8];321;285;357;320;322;maps/fondos/grass-tile.png;null;land;10
[33,8];322;286;358;321;323;maps/fondos/new-world/322.png;null;beach;10
[34,8];323;287;359;322;324;maps/fondos/water-tile.png;null;water;10
[35,8];324;288;360;323;289;maps/fondos/water-tile.png;null;water;10
[0,9];325;289;361;360;326;maps/fondos/water-tile.png;null;water;0
[1,9];326;290;362;325;327;maps/fondos/water-tile.png;null;water;0
[2,9];327;291;363;326;328;maps/fondos/new-world/327.png;null;beach;0
[3,9];328;292;364;327;329;maps/fondos/grass-tile.png;null;land;0
[4,9];329;293;365;328;330;maps/fondos/grass-tile.png;null;land;0
[5,9];330;294;366;329;331;maps/fondos/grass-tile.png;null;land;0
[6,9];331;295;367;330;332;maps/fondos/grass-tile.png;null;land;0
[7,9];332;296;368;331;333;maps/fondos/grass-tile.png;null;land;0
[8,9];333;297;369;332;334;maps/fondos/grass-tile.png;null;land;0
[9,9];334;298;370;333;335;maps/fondos/new-world/334.png;null;beach;0
[10,9];335;299;371;334;336;maps/fondos/new-world/335.png;null;beach;0
[11,9];336;300;372;335;337;maps/fondos/new-world/336.png;null;beach;0
[12,9];337;301;373;336;338;maps/fondos/water-tile.png;null;water;0
[13,9];338;302;374;337;339;maps/fondos/new-world/338.png;null;beach;0
[14,9];339;303;375;338;340;maps/fondos/grass-tile.png;null;land;0
[15,9];340;304;376;339;341;maps/fondos/grass-tile.png;null;land;0
[16,9];341;305;377;340;342;maps/fondos/new-world/341.png;null;beach;0
[17,9];342;306;378;341;343;maps/fondos/water-tile.png;null;water;0
[18,9];343;307;379;342;344;maps/fondos/water-tile.png;null;water;0
[19,9];344;308;380;343;345;maps/fondos/new-world/344.png;null;beach;0
[20,9];345;309;381;344;346;maps/fondos/new-world/345.png;null;beach;0
[21,9];346;310;382;345;347;maps/fondos/grass-tile.png;null;land;0
[22,9];347;311;383;346;348;maps/fondos/grass-tile.png;null;land;0
[23,9];348;312;384;347;349;maps/fondos/grass-tile.png;null;land;0
[24,9];349;313;385;348;350;maps/fondos/grass-tile.png;null;land;0
[25,9];350;314;386;349;351;maps/fondos/grass-tile.png;null;land;0
[26,9];351;315;387;350;352;maps/fondos/grass-tile.png;null;land;0
[27,9];352;316;388;351;353;maps/fondos/grass-tile.png;null;land;0
[28,9];353;317;389;352;354;maps/fondos/new-world/353.png;null;beach;0
[29,9];354;318;390;353;355;maps/fondos/water-tile.png;null;water;0
[30,9];355;319;391;354;356;maps/fondos/new-world/355.png;null;beach;0
[31,9];356;320;392;355;357;maps/fondos/grass-tile.png;null;land;0
[32,9];357;321;393;356;358;maps/fondos/new-world/357.png;null;beach;0
[33,9];358;322;394;357;359;maps/fondos/new-world/358.png;null;beach;0
[34,9];359;323;395;358;360;maps/fondos/water-tile.png;null;water;0
[35,9];360;324;396;359;325;maps/fondos/water-tile.png;null;water;0
[0,10];361;325;397;396;362;maps/fondos/water-tile.png;null;water;-10
[1,10];362;326;398;361;363;maps/fondos/water-tile.png;null;water;-10
[2,10];363;327;399;362;364;maps/fondos/new-world/363.png;null;beach;-10
[3,10];364;328;400;363;365;maps/fondos/new-world/364.png;null;beach;-10
[4,10];365;329;401;364;366;maps/fondos/grass-tile.png;null;land;-10
[5,10];366;330;402;365;367;maps/fondos/grass-tile.png;null;land;-10
[6,10];367;331;403;366;368;maps/fondos/grass-tile.png;null;land;-10
[7,10];368;332;404;367;369;maps/fondos/grass-tile.png;null;land;-10
[8,10];369;333;405;368;370;maps/fondos/grass-tile.png;null;land;-10
[9,10];370;334;406;369;371;maps/fondos/new-world/370.png;null;beach;-10
[10,10];371;335;407;370;372;maps/fondos/water-tile.png;null;water;-10
[11,10];372;336;408;371;373;maps/fondos/water-tile.png;null;water;-10
[12,10];373;337;409;372;374;maps/fondos/water-tile.png;null;water;-10
[13,10];374;338;410;373;375;maps/fondos/new-world/374.png;null;beach;-10
[14,10];375;339;411;374;376;maps/fondos/grass-tile.png;null;land;-10
[15,10];376;340;412;375;377;maps/fondos/grass-tile.png;null;land;-10
[16,10];377;341;413;376;378;maps/fondos/new-world/377.png;null;beach;-10
[17,10];378;342;414;377;379;maps/fondos/water-tile.png;null;water;-10
[18,10];379;343;415;378;380;maps/fondos/water-tile.png;null;water;-10
[19,10];380;344;416;379;381;maps/fondos/new-world/380.png;null;beach;-10
[20,10];381;345;417;380;382;maps/fondos/new-world/381.png;null;beach;-10
[21,10];382;346;418;381;383;maps/fondos/grass-tile.png;null;land;-10
[22,10];383;347;419;382;384;maps/fondos/grass-tile.png;null;land;-10
[23,10];384;348;420;383;385;maps/fondos/grass-tile.png;null;land;-10
[24,10];385;349;421;384;386;maps/fondos/grass-tile.png;null;land;-10
[25,10];386;350;422;385;387;maps/fondos/grass-tile.png;null;land;-10
[26,10];387;351;423;386;388;maps/fondos/grass-tile.png;null;land;-10
[27,10];388;352;424;387;389;maps/fondos/new-world/388.png;null;beach;-10
[28,10];389;353;425;388;390;maps/fondos/new-world/389.png;null;beach;-10
[29,10];390;354;426;389;391;maps/fondos/water-tile.png;null;water;-10
[30,10];391;355;427;390;392;maps/fondos/new-world/391.png;null;beach;-10
[31,10];392;356;428;391;393;maps/fondos/new-world/392.png;null;beach;-10
[32,10];393;357;429;392;394;maps/fondos/new-world/393.png;null;beach;-10
[33,10];394;358;430;393;395;maps/fondos/water-tile.png;null;water;-10
[34,10];395;359;431;394;396;maps/fondos/water-tile.png;null;water;-10
[35,10];396;360;432;395;361;maps/fondos/water-tile.png;null;water;-10
[0,11];397;361;433;432;398;maps/fondos/water-tile.png;null;water;-20
[1,11];398;362;434;397;399;maps/fondos/water-tile.png;null;water;-20
[2,11];399;363;435;398;400;maps/fondos/new-world/399.png;null;beach;-20
[3,11];400;364;436;399;401;maps/fondos/new-world/400.png;null;beach;-20
[4,11];401;365;437;400;402;maps/fondos/grass-tile.png;null;land;-20
[5,11];402;366;438;401;403;maps/fondos/grass-tile.png;null;land;-20
[6,11];403;367;439;402;404;maps/fondos/grass-tile.png;null;land;-20
[7,11];404;368;440;403;405;maps/fondos/grass-tile.png;null;land;-20
[8,11];405;369;441;404;406;maps/fondos/grass-tile.png;null;land;-20
[9,11];406;370;442;405;407;maps/fondos/new-world/406.png;null;beach;-20
[10,11];407;371;443;406;408;maps/fondos/new-world/407.png;null;beach;-20
[11,11];408;372;444;407;409;maps/fondos/water-tile.png;null;water;-20
[12,11];409;373;445;408;410;maps/fondos/water-tile.png;null;water;-20
[13,11];410;374;446;409;411;maps/fondos/new-world/410.png;null;beach;-20
[14,11];411;375;447;410;412;maps/fondos/new-world/411.png;null;beach;-20
[15,11];412;376;448;411;413;maps/fondos/new-world/412.png;null;beach;-20
[16,11];413;377;449;412;414;maps/fondos/new-world/413.png;null;beach;-20
[17,11];414;378;450;413;415;maps/fondos/water-tile.png;null;water;-20
[18,11];415;379;451;414;416;maps/fondos/water-tile.png;null;water;-20
[19,11];416;380;452;415;417;maps/fondos/new-world/416.png;null;beach;-20
[20,11];417;381;453;416;418;maps/fondos/grass-tile.png;null;land;-20
[21,11];418;382;454;417;419;maps/fondos/grass-tile.png;null;land;-20
[22,11];419;383;455;418;420;maps/fondos/grass-tile.png;null;land;-20
[23,11];420;384;456;419;421;maps/fondos/grass-tile.png;null;land;-20
[24,11];421;385;457;420;422;maps/fondos/grass-tile.png;null;land;-20
[25,11];422;386;458;421;423;maps/fondos/grass-tile.png;null;land;-20
[26,11];423;387;459;422;424;maps/fondos/grass-tile.png;null;land;-20
[27,11];424;388;460;423;425;maps/fondos/new-world/424.png;null;beach;-20
[28,11];425;389;461;424;426;maps/fondos/new-world/425.png;null;beach;-20
[29,11];426;390;462;425;427;maps/fondos/water-tile.png;null;water;-20
[30,11];427;391;463;426;428;maps/fondos/water-tile.png;null;water;-20
[31,11];428;392;464;427;429;maps/fondos/water-tile.png;null;water;-20
[32,11];429;393;465;428;430;maps/fondos/water-tile.png;null;water;-20
[33,11];430;394;466;429;431;maps/fondos/water-tile.png;null;water;-20
[34,11];431;395;467;430;432;maps/fondos/water-tile.png;null;water;-20
[35,11];432;396;468;431;397;maps/fondos/water-tile.png;null;water;-20
[0,12];433;397;469;468;434;maps/fondos/water-tile.png;null;water;-30
[1,12];434;398;470;433;435;maps/fondos/water-tile.png;null;water;-30
[2,12];435;399;471;434;436;maps/fondos/water-tile.png;null;water;-30
[3,12];436;400;472;435;437;maps/fondos/new-world/436.png;null;beach;-30
[4,12];437;401;473;436;438;maps/fondos/grass-tile.png;null;land;-30
[5,12];438;402;474;437;439;maps/fondos/grass-tile.png;null;land;-30
[6,12];439;403;475;438;440;maps/fondos/grass-tile.png;null;land;-30
[7,12];440;404;476;439;441;maps/fondos/grass-tile.png;null;land;-30
[8,12];441;405;477;440;442;maps/fondos/grass-tile.png;null;land;-30
[9,12];442;406;478;441;443;maps/fondos/grass-tile.png;null;land;-30
[10,12];443;407;479;442;444;maps/fondos/new-world/443.png;null;beach;-30
[11,12];444;408;480;443;445;maps/fondos/new-world/444.png;null;beach;-30
[12,12];445;409;481;444;446;maps/fondos/water-tile.png;null;water;-30
[13,12];446;410;482;445;447;maps/fondos/water-tile.png;null;water;-30
[14,12];447;411;483;446;448;maps/fondos/water-tile.png;null;water;-30
[15,12];448;412;484;447;449;maps/fondos/water-tile.png;null;water;-30
[16,12];449;413;485;448;450;maps/fondos/water-tile.png;null;water;-30
[17,12];450;414;486;449;451;maps/fondos/water-tile.png;null;water;-30
[18,12];451;415;487;450;452;maps/fondos/new-world/451.png;null;beach;-30
[19,12];452;416;488;451;453;maps/fondos/new-world/452.png;null;beach;-30
[20,12];453;417;489;452;454;maps/fondos/new-world/453.png;null;beach;-30
[21,12];454;418;490;453;455;maps/fondos/grass-tile.png;null;land;-30
[22,12];455;419;491;454;456;maps/fondos/grass-tile.png;null;land;-30
[23,12];456;420;492;455;457;maps/fondos/grass-tile.png;null;land;-30
[24,12];457;421;493;456;458;maps/fondos/grass-tile.png;null;land;-30
[25,12];458;422;494;457;459;maps/fondos/grass-tile.png;null;land;-30
[26,12];459;423;495;458;460;maps/fondos/new-world/459.png;null;beach;-30
[27,12];460;424;496;459;461;maps/fondos/new-world/460.png;null;beach;-30
[28,12];461;425;497;460;462;maps/fondos/water-tile.png;null;water;-30
[29,12];462;426;498;461;463;maps/fondos/new-world/462.png;null;beach;-30
[30,12];463;427;499;462;464;maps/fondos/new-world/463.png;null;beach;-30
[31,12];464;428;500;463;465;maps/fondos/new-world/464.png;null;beach;-30
[32,12];465;429;501;464;466;maps/fondos/new-world/465.png;null;beach;-30
[33,12];466;430;502;465;467;maps/fondos/water-tile.png;null;water;-30
[34,12];467;431;503;466;468;maps/fondos/water-tile.png;null;water;-30
[35,12];468;432;504;467;433;maps/fondos/water-tile.png;null;water;-30
[0,13];469;433;505;504;470;maps/fondos/water-tile.png;null;water;-40
[1,13];470;434;506;469;471;maps/fondos/water-tile.png;null;water;-40
[2,13];471;435;507;470;472;maps/fondos/water-tile.png;null;water;-40
[3,13];472;436;508;471;473;maps/fondos/new-world/472.png;null;beach;-40
[4,13];473;437;509;472;474;maps/fondos/new-world/473.png;null;beach;-40
[5,13];474;438;510;473;475;maps/fondos/grass-tile.png;null;land;-40
[6,13];475;439;511;474;476;maps/fondos/grass-tile.png;null;land;-40
[7,13];476;440;512;475;477;maps/fondos/grass-tile.png;null;land;-40
[8,13];477;441;513;476;478;maps/fondos/grass-tile.png;null;land;-40
[9,13];478;442;514;477;479;maps/fondos/grass-tile.png;null;land;-40
[10,13];479;443;515;478;480;maps/fondos/grass-tile.png;null;land;-40
[11,13];480;444;516;479;481;maps/fondos/new-world/480.png;null;beach;-40
[12,13];481;445;517;480;482;maps/fondos/water-tile.png;null;water;-40
[13,13];482;446;518;481;483;maps/fondos/water-tile.png;null;water;-40
[14,13];483;447;519;482;484;maps/fondos/water-tile.png;null;water;-40
[15,13];484;448;520;483;485;maps/fondos/water-tile.png;null;water;-40
[16,13];485;449;521;484;486;maps/fondos/water-tile.png;null;water;-40
[17,13];486;450;522;485;487;maps/fondos/new-world/486.png;null;beach;-40
[18,13];487;451;523;486;488;maps/fondos/new-world/487.png;null;beach;-40
[19,13];488;452;524;487;489;maps/fondos/grass-tile.png;null;land;-40
[20,13];489;453;525;488;490;maps/fondos/grass-tile.png;null;land;-40
[21,13];490;454;526;489;491;maps/fondos/grass-tile.png;null;land;-40
[22,13];491;455;527;490;492;maps/fondos/grass-tile.png;null;land;-40
[23,13];492;456;528;491;493;maps/fondos/grass-tile.png;null;land;-40
[24,13];493;457;529;492;494;maps/fondos/grass-tile.png;null;land;-40
[25,13];494;458;530;493;495;maps/fondos/new-world/494.png;null;beach;-40
[26,13];495;459;531;494;496;maps/fondos/new-world/495.png;null;beach;-40
[27,13];496;460;532;495;497;maps/fondos/water-tile.png;null;water;-40
[28,13];497;461;533;496;498;maps/fondos/new-world/497.png;null;beach;-40
[29,13];498;462;534;497;499;maps/fondos/new-world/498.png;null;beach;-40
[30,13];499;463;535;498;500;maps/fondos/grass-tile.png;null;land;-40
[31,13];500;464;536;499;501;maps/fondos/new-world/500.png;null;beach;-40
[32,13];501;465;537;500;502;maps/fondos/new-world/501.png;null;beach;-40
[33,13];502;466;538;501;503;maps/fondos/new-world/502.png;null;beach;-40
[34,13];503;467;539;502;504;maps/fondos/water-tile.png;null;water;-40
[35,13];504;468;540;503;469;maps/fondos/water-tile.png;null;water;-40
[0,14];505;469;541;540;506;maps/fondos/water-tile.png;null;water;-50
[1,14];506;470;542;505;507;maps/fondos/water-tile.png;null;water;-50
[2,14];507;471;543;506;508;maps/fondos/water-tile.png;null;water;-50
[3,14];508;472;544;507;509;maps/fondos/water-tile.png;null;water;-50
[4,14];509;473;545;508;510;maps/fondos/new-world/509.png;null;beach;-50
[5,14];510;474;546;509;511;maps/fondos/new-world/510.png;null;beach;-50
[6,14];511;475;547;510;512;maps/fondos/grass-tile.png;null;land;-50
[7,14];512;476;548;511;513;maps/fondos/grass-tile.png;null;land;-50
[8,14];513;477;549;512;514;maps/fondos/grass-tile.png;null;land;-50
[9,14];514;478;550;513;515;maps/fondos/new-world/514.png;null;beach;-50
[10,14];515;479;551;514;516;maps/fondos/new-world/515.png;null;beach;-50
[11,14];516;480;552;515;517;maps/fondos/new-world/516.png;null;beach;-50
[12,14];517;481;553;516;518;maps/fondos/water-tile.png;null;water;-50
[13,14];518;482;554;517;519;maps/fondos/water-tile.png;null;water;-50
[14,14];519;483;555;518;520;maps/fondos/water-tile.png;null;water;-50
[15,14];520;484;556;519;521;maps/fondos/water-tile.png;null;water;-50
[16,14];521;485;557;520;522;maps/fondos/new-world/521.png;null;beach;-50
[17,14];522;486;558;521;523;maps/fondos/new-world/522.png;null;beach;-50
[18,14];523;487;559;522;524;maps/fondos/new-world/523.png;null;beach;-50
[19,14];524;488;560;523;525;maps/fondos/grass-tile-monticulo.png;maps/colisiones/world/grass-tile-monticulo.png;land;-50
[20,14];525;489;561;524;526;maps/fondos/grass-tile.png;null;land;-50
[21,14];526;490;562;525;527;maps/fondos/grass-tile.png;null;land;-50
[22,14];527;491;563;526;528;maps/fondos/grass-tile.png;null;land;-50
[23,14];528;492;564;527;529;maps/fondos/grass-tile.png;null;land;-50
[24,14];529;493;565;528;530;maps/fondos/new-world/529.png;null;beach;-50
[25,14];530;494;566;529;531;maps/fondos/new-world/530.png;null;beach;-50
[26,14];531;495;567;530;532;maps/fondos/water-tile.png;null;water;-50
[27,14];532;496;568;531;533;maps/fondos/new-world/532.png;null;beach;-50
[28,14];533;497;569;532;534;maps/fondos/new-world/533.png;null;beach;-50
[29,14];534;498;570;533;535;maps/fondos/grass-tile.png;null;land;-50
[30,14];535;499;571;534;536;maps/fondos/grass-tile.png;null;land;-50
[31,14];536;500;572;535;537;maps/fondos/grass-tile.png;null;land;-50
[32,14];537;501;573;536;538;maps/fondos/grass-tile.png;null;land;-50
[33,14];538;502;574;537;539;maps/fondos/new-world/538.png;null;beach;-50
[34,14];539;503;575;538;540;maps/fondos/water-tile.png;null;water;-50
[35,14];540;504;576;539;505;maps/fondos/water-tile.png;null;water;-50
[0,15];541;505;577;576;542;maps/fondos/water-tile.png;null;water;-60
[1,15];542;506;578;541;543;maps/fondos/water-tile.png;null;water;-60
[2,15];543;507;579;542;544;maps/fondos/water-tile.png;null;water;-60
[3,15];544;508;580;543;545;maps/fondos/water-tile.png;null;water;-60
[4,15];545;509;581;544;546;maps/fondos/new-world/545.png;null;beach;-60
[5,15];546;510;582;545;547;maps/fondos/new-world/546.png;null;beach;-60
[6,15];547;511;583;546;548;maps/fondos/new-world/547.png;null;beach;-60
[7,15];548;512;584;547;549;maps/fondos/new-world/548.png;null;beach;-60
[8,15];549;513;585;548;550;maps/fondos/new-world/549.png;null;beach;-60
[9,15];550;514;586;549;551;maps/fondos/new-world/550.png;null;beach;-60
[10,15];551;515;587;550;552;maps/fondos/new-world/551.png;null;beach;-60
[11,15];552;516;588;551;553;maps/fondos/water-tile.png;null;water;-60
[12,15];553;517;589;552;554;maps/fondos/water-tile.png;null;water;-60
[13,15];554;518;590;553;555;maps/fondos/water-tile.png;null;water;-60
[14,15];555;519;591;554;556;maps/fondos/water-tile.png;null;water;-60
[15,15];556;520;592;555;557;maps/fondos/water-tile.png;null;water;-60
[16,15];557;521;593;556;558;maps/fondos/new-world/557.png;null;beach;-60
[17,15];558;522;594;557;559;maps/fondos/new-world/558.png;null;beach;-60
[18,15];559;523;595;558;560;maps/fondos/grass-tile.png;null;land;-60
[19,15];560;524;596;559;561;maps/fondos/grass-tile.png;null;land;-60
[20,15];561;525;597;560;562;maps/fondos/grass-tile.png;null;land;-60
[21,15];562;526;598;561;563;maps/fondos/grass-tile.png;null;land;-60
[22,15];563;527;599;562;564;maps/fondos/grass-tile.png;null;land;-60
[23,15];564;528;600;563;565;maps/fondos/new-world/564.png;null;beach;-60
[24,15];565;529;601;564;566;maps/fondos/new-world/565.png;null;beach;-60
[25,15];566;530;602;565;567;maps/fondos/water-tile.png;null;water;-60
[26,15];567;531;603;566;568;maps/fondos/water-tile.png;null;water;-60
[27,15];568;532;604;567;569;maps/fondos/new-world/568.png;null;beach;-60
[28,15];569;533;605;568;570;maps/fondos/grass-tile.png;null;land;-60
[29,15];570;534;606;569;571;maps/fondos/grass-tile.png;null;land;-60
[30,15];571;535;607;570;572;maps/fondos/grass-tile.png;null;land;-60
[31,15];572;536;608;571;573;maps/fondos/grass-tile.png;null;land;-60
[32,15];573;537;609;572;574;maps/fondos/new-world/573.png;null;beach;-60
[33,15];574;538;610;573;575;maps/fondos/new-world/574.png;null;beach;-60
[34,15];575;539;611;574;576;maps/fondos/water-tile.png;null;water;-60
[35,15];576;540;612;575;541;maps/fondos/water-tile.png;null;water;-60
[0,16];577;541;613;612;578;maps/fondos/water-tile.png;null;water;-70
[1,16];578;542;614;577;579;maps/fondos/water-tile.png;null;water;-70
[2,16];579;543;615;578;580;maps/fondos/water-tile.png;null;water;-70
[3,16];580;544;616;579;581;maps/fondos/water-tile.png;null;water;-70
[4,16];581;545;617;580;582;maps/fondos/water-tile.png;null;water;-70
[5,16];582;546;618;581;583;maps/fondos/water-tile.png;null;water;-70
[6,16];583;547;619;582;584;maps/fondos/water-tile.png;null;water;-70
[7,16];584;548;620;583;585;maps/fondos/water-tile.png;null;water;-70
[8,16];585;549;621;584;586;maps/fondos/water-tile.png;null;water;-70
[9,16];586;550;622;585;587;maps/fondos/water-tile.png;null;water;-70
[10,16];587;551;623;586;588;maps/fondos/water-tile.png;null;water;-70
[11,16];588;552;624;587;589;maps/fondos/water-tile.png;null;water;-70
[12,16];589;553;625;588;590;maps/fondos/water-tile.png;null;water;-70
[13,16];590;554;626;589;591;maps/fondos/water-tile.png;null;water;-70
[14,16];591;555;627;590;592;maps/fondos/water-tile.png;null;water;-70
[15,16];592;556;628;591;593;maps/fondos/water-tile.png;null;water;-70
[16,16];593;557;629;592;594;maps/fondos/water-tile.png;null;water;-70
[17,16];594;558;630;593;595;maps/fondos/new-world/594.png;null;beach;-70
[18,16];595;559;631;594;596;maps/fondos/new-world/595.png;null;beach;-70
[19,16];596;560;632;595;597;maps/fondos/new-world/596.png;null;beach;-70
[20,16];597;561;633;596;598;maps/fondos/new-world/597.png;null;beach;-70
[21,16];598;562;634;597;599;maps/fondos/new-world/598.png;null;beach;-70
[22,16];599;563;635;598;600;maps/fondos/new-world/599.png;null;beach;-70
[23,16];600;564;636;599;601;maps/fondos/new-world/600.png;null;beach;-70
[24,16];601;565;637;600;602;maps/fondos/water-tile.png;null;water;-70
[25,16];602;566;638;601;603;maps/fondos/water-tile.png;null;water;-70
[26,16];603;567;639;602;604;maps/fondos/new-world/603.png;null;beach;-70
[27,16];604;568;640;603;605;maps/fondos/new-world/604.png;null;beach;-70
[28,16];605;569;641;604;606;maps/fondos/grass-tile.png;null;land;-70
[29,16];606;570;642;605;607;maps/fondos/grass-tile.png;null;land;-70
[30,16];607;571;643;606;608;maps/fondos/grass-tile.png;null;land;-70
[31,16];608;572;644;607;609;maps/fondos/new-world/608.png;null;beach;-70
[32,16];609;573;645;608;610;maps/fondos/new-world/609.png;null;beach;-70
[33,16];610;574;646;609;611;maps/fondos/new-world/610.png;null;beach;-70
[34,16];611;575;647;610;612;maps/fondos/water-tile.png;null;water;-70
[35,16];612;576;648;611;577;maps/fondos/water-tile.png;null;water;-70
[0,17];613;577;649;648;614;maps/fondos/water-tile.png;null;water;-80
[1,17];614;578;650;613;615;maps/fondos/water-tile.png;null;water;-80
[2,17];615;579;651;614;616;maps/fondos/water-tile.png;null;water;-80
[3,17];616;580;652;615;617;maps/fondos/water-tile.png;null;water;-80
[4,17];617;581;653;616;618;maps/fondos/water-tile.png;null;water;-80
[5,17];618;582;654;617;619;maps/fondos/water-tile.png;null;water;-80
[6,17];619;583;655;618;620;maps/fondos/water-tile.png;null;water;-80
[7,17];620;584;656;619;621;maps/fondos/water-tile.png;null;water;-80
[8,17];621;585;657;620;622;maps/fondos/water-tile.png;null;water;-80
[9,17];622;586;658;621;623;maps/fondos/water-tile.png;null;water;-80
[10,17];623;587;659;622;624;maps/fondos/water-tile.png;null;water;-80
[11,17];624;588;660;623;625;maps/fondos/water-tile.png;null;water;-80
[12,17];625;589;661;624;626;maps/fondos/water-tile.png;null;water;-80
[13,17];626;590;662;625;627;maps/fondos/water-tile.png;null;water;-80
[14,17];627;591;663;626;628;maps/fondos/water-tile.png;null;water;-80
[15,17];628;592;664;627;629;maps/fondos/water-tile.png;null;water;-80
[16,17];629;593;665;628;630;maps/fondos/water-tile.png;null;water;-80
[17,17];630;594;666;629;631;maps/fondos/water-tile.png;null;water;-80
[18,17];631;595;667;630;632;maps/fondos/water-tile.png;null;water;-80
[19,17];632;596;668;631;633;maps/fondos/water-tile.png;null;water;-80
[20,17];633;597;669;632;634;maps/fondos/water-tile.png;null;water;-80
[21,17];634;598;670;633;635;maps/fondos/water-tile.png;null;water;-80
[22,17];635;599;671;634;636;maps/fondos/water-tile.png;null;water;-80
[23,17];636;600;672;635;637;maps/fondos/water-tile.png;null;water;-80
[24,17];637;601;673;636;638;maps/fondos/water-tile.png;null;water;-80
[25,17];638;602;674;637;639;maps/fondos/water-tile.png;null;water;-80
[26,17];639;603;675;638;640;maps/fondos/new-world/639.png;null;beach;-80
[27,17];640;604;676;639;641;maps/fondos/new-world/640.png;null;beach;-80
[28,17];641;605;677;640;642;maps/fondos/new-world/641.png;null;beach;-80
[29,17];642;606;678;641;643;maps/fondos/new-world/642.png;null;beach;-80
[30,17];643;607;679;642;644;maps/fondos/new-world/643.png;null;beach;-80
[31,17];644;608;680;643;645;maps/fondos/new-world/644.png;null;beach;-80
[32,17];645;609;681;644;646;maps/fondos/water-tile.png;null;water;-80
[33,17];646;610;682;645;647;maps/fondos/water-tile.png;null;water;-80
[34,17];647;611;683;646;648;maps/fondos/water-tile.png;null;water;-80
[35,17];648;612;684;647;613;maps/fondos/water-tile.png;null;water;-80
[0,18];649;613;721;684;650;maps/fondos/new-world/649.png;null;snow;-90
[1,18];650;614;722;649;651;maps/fondos/new-world/650.png;null;snow;-90
[2,18];651;615;723;650;652;maps/fondos/new-world/651.png;null;snow;-90
[3,18];652;616;724;651;653;maps/fondos/new-world/652.png;null;snow;-90
[4,18];653;617;725;652;654;maps/fondos/new-world/653.png;null;snow;-90
[5,18];654;618;726;653;655;maps/fondos/new-world/654.png;null;snow;-90
[6,18];655;619;727;654;656;maps/fondos/new-world/655.png;null;snow;-90
[7,18];656;620;728;655;657;maps/fondos/new-world/656.png;null;snow;-90
[8,18];657;621;729;656;658;maps/fondos/new-world/657.png;null;snow;-90
[9,18];658;622;730;657;659;maps/fondos/new-world/658.png;null;snow;-90
[10,18];659;623;731;658;660;maps/fondos/new-world/659.png;null;snow;-90
[11,18];660;624;732;659;661;maps/fondos/new-world/660.png;null;snow;-90
[12,18];661;625;733;660;662;maps/fondos/new-world/661.png;null;snow;-90
[13,18];662;626;734;661;663;maps/fondos/new-world/662.png;null;snow;-90
[14,18];663;627;735;662;664;maps/fondos/new-world/663.png;null;snow;-90
[15,18];664;628;736;663;665;maps/fondos/new-world/664.png;null;snow;-90
[16,18];665;629;737;664;666;maps/fondos/new-world/665.png;null;snow;-90
[17,18];666;630;738;665;667;maps/fondos/new-world/666.png;null;snow;-90
[18,18];667;631;739;666;668;maps/fondos/new-world/667.png;null;snow;-90
[19,18];668;632;740;667;669;maps/fondos/new-world/668.png;null;snow;-90
[20,18];669;633;741;668;670;maps/fondos/new-world/669.png;null;snow;-90
[21,18];670;634;742;669;671;maps/fondos/new-world/670.png;null;snow;-90
[22,18];671;635;743;670;672;maps/fondos/new-world/671.png;null;snow;-90
[23,18];672;636;744;671;673;maps/fondos/new-world/672.png;null;snow;-90
[24,18];673;637;745;672;674;maps/fondos/new-world/673.png;null;snow;-90
[25,18];674;638;746;673;675;maps/fondos/new-world/674.png;null;snow;-90
[26,18];675;639;747;674;676;maps/fondos/new-world/675.png;null;snow;-90
[27,18];676;640;748;675;677;maps/fondos/new-world/676.png;null;snow;-90
[28,18];677;641;749;676;678;maps/fondos/new-world/677.png;null;snow;-90
[29,18];678;642;750;677;679;maps/fondos/new-world/678.png;null;snow;-90
[30,18];679;643;751;678;680;maps/fondos/new-world/679.png;null;snow;-90
[31,18];680;644;752;679;681;maps/fondos/new-world/680.png;null;snow;-90
[32,18];681;645;753;680;682;maps/fondos/new-world/681.png;null;snow;-90
[33,18];682;646;754;681;683;maps/fondos/new-world/682.png;null;snow;-90
[34,18];683;647;755;682;684;maps/fondos/new-world/683.png;null;snow;-90
[35,18];684;648;756;683;649;maps/fondos/new-world/684.png;null;snow;-90
[0,19];721;649;null;756;722;maps/fondos/snow-tile.png;null;snow;-90
[1,19];722;650;null;721;723;maps/fondos/snow-tile.png;null;snow;-90
[2,19];723;651;null;722;724;maps/fondos/snow-tile.png;null;snow;-90
[3,19];724;652;null;723;725;maps/fondos/snow-tile.png;null;snow;-90
[4,19];725;653;null;724;726;maps/fondos/snow-tile.png;null;snow;-90
[5,19];726;654;null;725;727;maps/fondos/snow-tile.png;null;snow;-90
[6,19];727;655;null;726;728;maps/fondos/snow-tile.png;null;snow;-90
[7,19];728;656;null;727;729;maps/fondos/snow-tile.png;null;snow;-90
[8,19];729;657;null;728;730;maps/fondos/snow-tile.png;null;snow;-90
[9,19];730;658;null;729;731;maps/fondos/snow-tile.png;null;snow;-90
[10,19];731;659;null;730;732;maps/fondos/snow-tile.png;null;snow;-90
[11,19];732;660;null;731;733;maps/fondos/snow-tile.png;null;snow;-90
[12,19];733;661;null;732;734;maps/fondos/snow-tile.png;null;snow;-90
[13,19];734;662;null;733;735;maps/fondos/snow-tile.png;null;snow;-90
[14,19];735;663;null;734;736;maps/fondos/snow-tile.png;null;snow;-90
[15,19];736;664;null;735;737;maps/fondos/snow-tile.png;null;snow;-90
[16,19];737;665;null;736;738;maps/fondos/snow-tile.png;null;snow;-90
[17,19];738;666;null;737;739;maps/fondos/snow-tile.png;null;snow;-90
[18,19];739;667;null;738;740;maps/fondos/snow-tile.png;null;snow;-90
[19,19];740;668;null;739;741;maps/fondos/snow-tile.png;null;snow;-90
[20,19];741;669;null;740;742;maps/fondos/snow-tile.png;null;snow;-90
[21,19];742;670;null;741;743;maps/fondos/snow-tile.png;null;snow;-90
[22,19];743;671;null;742;744;maps/fondos/snow-tile.png;null;snow;-90
[23,19];744;672;null;743;745;maps/fondos/snow-tile.png;null;snow;-90
[24,19];745;673;null;744;746;maps/fondos/snow-tile.png;null;snow;-90
[25,19];746;674;null;745;747;maps/fondos/snow-tile.png;null;snow;-90
[26,19];747;675;null;746;748;maps/fondos/snow-tile.png;null;snow;-90
[27,19];748;676;null;747;749;maps/fondos/snow-tile.png;null;snow;-90
[28,19];749;677;null;748;750;maps/fondos/snow-tile.png;null;snow;-90
[29,19];750;678;null;749;751;maps/fondos/snow-tile.png;null;snow;-90
[30,19];751;679;null;750;752;maps/fondos/snow-tile.png;null;snow;-90
[31,19];752;680;null;751;753;maps/fondos/snow-tile.png;null;snow;-90
[32,19];753;681;null;752;754;maps/fondos/snow-tile.png;null;snow;-90
[33,19];754;682;null;753;755;maps/fondos/snow-tile.png;null;snow;-90
[34,19];755;683;null;754;756;maps/fondos/snow-tile.png;null;snow;-90
[35,19];756;684;null;755;721;maps/fondos/snow-tile.png;null;snow;-90
