[0,-1];739';null;667';738';740';maps/fondos/snow-tile.png;null;snow;-90
[1,-1];740';null;668';739';741';maps/fondos/snow-tile.png;null;snow;-90
[2,-1];741';null;669';740';742';maps/fondos/snow-tile.png;null;snow;-90
[3,-1];742';null;670';741';743';maps/fondos/snow-tile.png;null;snow;-90
[4,-1];743';null;671';742';744';maps/fondos/snow-tile.png;null;snow;-90
[5,-1];744';null;672';743';745';maps/fondos/snow-tile.png;null;snow;-90
[6,-1];745';null;673';744';746';maps/fondos/snow-tile.png;null;snow;-90
[7,-1];746';null;674';745';747';maps/fondos/snow-tile.png;null;snow;-90
[8,-1];747';null;675';746';748';maps/fondos/snow-tile.png;null;snow;-90
[9,-1];748';null;676';747';749';maps/fondos/snow-tile.png;null;snow;-90
[10,-1];749';null;677';748';750';maps/fondos/snow-tile.png;null;snow;-90
[11,-1];750';null;678';749';751';maps/fondos/snow-tile.png;null;snow;-90
[12,-1];751';null;679';750';752';maps/fondos/snow-tile.png;null;snow;-90
[13,-1];752';null;680';751';753';maps/fondos/snow-tile.png;null;snow;-90
[14,-1];753';null;681';752';754';maps/fondos/snow-tile.png;null;snow;-90
[15,-1];754';null;682';753';755';maps/fondos/snow-tile.png;null;snow;-90
[16,-1];755';null;683';754';756';maps/fondos/snow-tile.png;null;snow;-90
[17,-1];756';null;684';755';721';maps/fondos/snow-tile.png;null;snow;-90
[18,-1];721';null;649';756';722';maps/fondos/snow-tile.png;null;snow;-90
[19,-1];722';null;650';721';723';maps/fondos/snow-tile.png;null;snow;-90
[20,-1];723';null;651';722';724';maps/fondos/snow-tile.png;null;snow;-90
[21,-1];724';null;652';723';725';maps/fondos/snow-tile.png;null;snow;-90
[22,-1];725';null;653';724';726';maps/fondos/snow-tile.png;null;snow;-90
[23,-1];726';null;654';725';727';maps/fondos/snow-tile.png;null;snow;-90
[24,-1];727';null;655';726';728';maps/fondos/snow-tile.png;null;snow;-90
[25,-1];728';null;656';727';729';maps/fondos/snow-tile.png;null;snow;-90
[26,-1];729';null;657';728';730';maps/fondos/snow-tile.png;null;snow;-90
[27,-1];730';null;658';729';731';maps/fondos/snow-tile.png;null;snow;-90
[28,-1];731';null;659';730';732';maps/fondos/snow-tile.png;null;snow;-90
[29,-1];732';null;660';731';733';maps/fondos/snow-tile.png;null;snow;-90
[30,-1];733';null;661';732';734';maps/fondos/snow-tile.png;null;snow;-90
[31,-1];734';null;662';733';735';maps/fondos/snow-tile.png;null;snow;-90
[32,-1];735';null;663';734';736';maps/fondos/snow-tile.png;null;snow;-90
[33,-1];736';null;664';735';737';maps/fondos/snow-tile.png;null;snow;-90
[34,-1];737';null;665';736';738';maps/fondos/snow-tile.png;null;snow;-90
[35,-1];738';null;666';737';739';maps/fondos/snow-tile.png;null;snow;-90
[0,0];667';739';631';666';668';maps/fondos/new-anti-world/anti-667.png;null;snow;-90
[1,0];668';740';632';667';669';maps/fondos/new-anti-world/anti-668.png;null;snow;-90
[2,0];669';741';633';668';670';maps/fondos/new-anti-world/anti-669.png;null;snow;-90
[3,0];670';742';634';669';671';maps/fondos/new-anti-world/anti-670.png;null;snow;-90
[4,0];671';743';635';670';672';maps/fondos/new-anti-world/anti-671.png;null;snow;-90
[5,0];672';744';636';671';673';maps/fondos/new-anti-world/anti-672.png;null;snow;-90
[6,0];673';745';637';672';674';maps/fondos/new-anti-world/anti-673.png;null;snow;-90
[7,0];674';746';638';673';675';maps/fondos/new-anti-world/anti-674.png;null;snow;-90
[8,0];675';747';639';674';676';maps/fondos/new-anti-world/anti-675.png;null;snow;-90
[9,0];676';748';640';675';677';maps/fondos/new-anti-world/anti-676.png;null;snow;-90
[10,0];677';749';641';676';678';maps/fondos/new-anti-world/anti-677.png;null;snow;-90
[11,0];678';750';642';677';679';maps/fondos/new-anti-world/anti-678.png;null;snow;-90
[12,0];679';751';643';678';680';maps/fondos/new-anti-world/anti-679.png;null;snow;-90
[13,0];680';752';644';679';681';maps/fondos/new-anti-world/anti-680.png;null;snow;-90
[14,0];681';753';645';680';682';maps/fondos/new-anti-world/anti-681.png;null;snow;-90
[15,0];682';754';646';681';683';maps/fondos/new-anti-world/anti-682.png;null;snow;-90
[16,0];683';755';647';682';684';maps/fondos/new-anti-world/anti-683.png;null;snow;-90
[17,0];684';756';648';683';649';maps/fondos/new-anti-world/anti-684.png;null;snow;-90
[18,0];649';721';613';684';650';maps/fondos/new-anti-world/anti-649.png;null;snow;-90
[19,0];650';722';614';649';651';maps/fondos/new-anti-world/anti-650.png;null;snow;-90
[20,0];651';723';615';650';652';maps/fondos/new-anti-world/anti-651.png;null;snow;-90
[21,0];652';724';616';651';653';maps/fondos/new-anti-world/anti-652.png;null;snow;-90
[22,0];653';725';617';652';654';maps/fondos/new-anti-world/anti-653.png;null;snow;-90
[23,0];654';726';618';653';655';maps/fondos/new-anti-world/anti-654.png;null;snow;-90
[24,0];655';727';619';654';656';maps/fondos/new-anti-world/anti-655.png;null;snow;-90
[25,0];656';728';620';655';657';maps/fondos/new-anti-world/anti-656.png;null;snow;-90
[26,0];657';729';621';656';658';maps/fondos/new-anti-world/anti-657.png;null;snow;-90
[27,0];658';730';622';657';659';maps/fondos/new-anti-world/anti-658.png;null;snow;-90
[28,0];659';731';623';658';660';maps/fondos/new-anti-world/anti-659.png;null;snow;-90
[29,0];660';732';624';659';661';maps/fondos/new-anti-world/anti-660.png;null;snow;-90
[30,0];661';733';625';660';662';maps/fondos/new-anti-world/anti-661.png;null;snow;-90
[31,0];662';734';626';661';663';maps/fondos/new-anti-world/anti-662.png;null;snow;-90
[32,0];663';735';627';662';664';maps/fondos/new-anti-world/anti-663.png;null;snow;-90
[33,0];664';736';628';663';665';maps/fondos/new-anti-world/anti-664.png;null;snow;-90
[34,0];665';737';629';664';666';maps/fondos/new-anti-world/anti-665.png;null;snow;-90
[35,0];666';738';630';665';667';maps/fondos/new-anti-world/anti-666.png;null;snow;-90
[0,1];631';667';595';630';632';maps/fondos/water-tile.png;null;water;-80
[1,1];632';668';596';631';633';maps/fondos/water-tile.png;null;water;-80
[2,1];633';669';597';632';634';maps/fondos/water-tile.png;null;water;-80
[3,1];634';670';598';633';635';maps/fondos/water-tile.png;null;water;-80
[4,1];635';671';599';634';636';maps/fondos/water-tile.png;null;water;-80
[5,1];636';672';600';635';637';maps/fondos/water-tile.png;null;water;-80
[6,1];637';673';601';636';638';maps/fondos/water-tile.png;null;water;-80
[7,1];638';674';602';637';639';maps/fondos/water-tile.png;null;water;-80
[8,1];639';675';603';638';640';maps/fondos/new-anti-world/anti-639.png;null;beach;-80
[9,1];640';676';604';639';641';maps/fondos/new-anti-world/anti-640.png;null;beach;-80
[10,1];641';677';605';640';642';maps/fondos/new-anti-world/anti-641.png;null;beach;-80
[11,1];642';678';606';641';643';maps/fondos/new-anti-world/anti-642.png;null;beach;-80
[12,1];643';679';607';642';644';maps/fondos/new-anti-world/anti-643.png;null;beach;-80
[13,1];644';680';608';643';645';maps/fondos/new-anti-world/anti-644.png;null;beach;-80
[14,1];645';681';609';644';646';maps/fondos/water-tile.png;null;water;-80
[15,1];646';682';610';645';647';maps/fondos/water-tile.png;null;water;-80
[16,1];647';683';611';646';648';maps/fondos/water-tile.png;null;water;-80
[17,1];648';684';612';647';613';maps/fondos/water-tile.png;null;water;-80
[18,1];613';649';577';648';614';maps/fondos/water-tile.png;null;water;-80
[19,1];614';650';578';613';615';maps/fondos/water-tile.png;null;water;-80
[20,1];615';651';579';614';616';maps/fondos/water-tile.png;null;water;-80
[21,1];616';652';580';615';617';maps/fondos/water-tile.png;null;water;-80
[22,1];617';653';581';616';618';maps/fondos/water-tile.png;null;water;-80
[23,1];618';654';582';617';619';maps/fondos/water-tile.png;null;water;-80
[24,1];619';655';583';618';620';maps/fondos/water-tile.png;null;water;-80
[25,1];620';656';584';619';621';maps/fondos/water-tile.png;null;water;-80
[26,1];621';657';585';620';622';maps/fondos/water-tile.png;null;water;-80
[27,1];622';658';586';621';623';maps/fondos/water-tile.png;null;water;-80
[28,1];623';659';587';622';624';maps/fondos/water-tile.png;null;water;-80
[29,1];624';660';588';623';625';maps/fondos/water-tile.png;null;water;-80
[30,1];625';661';589';624';626';maps/fondos/water-tile.png;null;water;-80
[31,1];626';662';590';625';627';maps/fondos/water-tile.png;null;water;-80
[32,1];627';663';591';626';628';maps/fondos/water-tile.png;null;water;-80
[33,1];628';664';592';627';629';maps/fondos/water-tile.png;null;water;-80
[34,1];629';665';593';628';630';maps/fondos/water-tile.png;null;water;-80
[35,1];630';666';594';629';631';maps/fondos/water-tile.png;null;water;-80
[0,2];595';631';559';594';596';maps/fondos/new-anti-world/anti-595.png;null;beach;-70
[1,2];596';632';560';595';597';maps/fondos/new-anti-world/anti-596.png;null;beach;-70
[2,2];597';633';561';596';598';maps/fondos/new-anti-world/anti-597.png;null;beach;-70
[3,2];598';634';562';597';599';maps/fondos/new-anti-world/anti-598.png;null;beach;-70
[4,2];599';635';563';598';600';maps/fondos/new-anti-world/anti-599.png;null;beach;-70
[5,2];600';636';564';599';601';maps/fondos/new-anti-world/anti-600.png;null;beach;-70
[6,2];601';637';565';600';602';maps/fondos/water-tile.png;null;water;-70
[7,2];602';638';566';601';603';maps/fondos/water-tile.png;null;water;-70
[8,2];603';639';567';602';604';maps/fondos/new-anti-world/anti-603.png;null;beach;-70
[9,2];604';640';568';603';605';maps/fondos/new-anti-world/anti-604.png;null;beach;-70
[10,2];605';641';569';604';606';maps/fondos/grass-tile.png;null;land;-70
[11,2];606';642';570';605';607';maps/fondos/grass-tile.png;null;land;-70
[12,2];607';643';571';606';608';maps/fondos/grass-tile.png;null;land;-70
[13,2];608';644';572';607';609';maps/fondos/new-anti-world/anti-608.png;null;beach;-70
[14,2];609';645';573';608';610';maps/fondos/new-anti-world/anti-609.png;null;beach;-70
[15,2];610';646';574';609';611';maps/fondos/new-anti-world/anti-610.png;null;beach;-70
[16,2];611';647';575';610';612';maps/fondos/water-tile.png;null;water;-70
[17,2];612';648';576';611';577';maps/fondos/water-tile.png;null;water;-70
[18,2];577';613';541';612';578';maps/fondos/water-tile.png;null;water;-70
[19,2];578';614';542';577';579';maps/fondos/water-tile.png;null;water;-70
[20,2];579';615';543';578';580';maps/fondos/water-tile.png;null;water;-70
[21,2];580';616';544';579';581';maps/fondos/water-tile.png;null;water;-70
[22,2];581';617';545';580';582';maps/fondos/water-tile.png;null;water;-70
[23,2];582';618';546';581';583';maps/fondos/water-tile.png;null;water;-70
[24,2];583';619';547';582';584';maps/fondos/water-tile.png;null;water;-70
[25,2];584';620';548';583';585';maps/fondos/water-tile.png;null;water;-70
[26,2];585';621';549';584';586';maps/fondos/water-tile.png;null;water;-70
[27,2];586';622';550';585';587';maps/fondos/water-tile.png;null;water;-70
[28,2];587';623';551';586';588';maps/fondos/water-tile.png;null;water;-70
[29,2];588';624';552';587';589';maps/fondos/water-tile.png;null;water;-70
[30,2];589';625';553';588';590';maps/fondos/water-tile.png;null;water;-70
[31,2];590';626';554';589';591';maps/fondos/water-tile.png;null;water;-70
[32,2];591';627';555';590';592';maps/fondos/water-tile.png;null;water;-70
[33,2];592';628';556';591';593';maps/fondos/water-tile.png;null;water;-70
[34,2];593';629';557';592';594';maps/fondos/water-tile.png;null;water;-70
[35,2];594';630';558';593';595';maps/fondos/new-anti-world/anti-594.png;null;beach;-70
[0,3];559';595';523';558';560';maps/fondos/grass-tile.png;null;land;-60
[1,3];560';596';524';559';561';maps/fondos/grass-tile.png;null;land;-60
[2,3];561';597';525';560';562';maps/fondos/grass-tile.png;null;land;-60
[3,3];562';598';526';561';563';maps/fondos/grass-tile.png;null;land;-60
[4,3];563';599';527';562';564';maps/fondos/grass-tile.png;null;land;-60
[5,3];564';600';528';563';565';maps/fondos/new-anti-world/anti-564.png;null;beach;-60
[6,3];565';601';529';564';566';maps/fondos/new-anti-world/anti-565.png;null;beach;-60
[7,3];566';602';530';565';567';maps/fondos/water-tile.png;null;water;-60
[8,3];567';603';531';566';568';maps/fondos/water-tile.png;null;water;-60
[9,3];568';604';532';567';569';maps/fondos/new-anti-world/anti-568.png;null;beach;-60
[10,3];569';605';533';568';570';maps/fondos/grass-tile.png;null;land;-60
[11,3];570';606';534';569';571';maps/fondos/grass-tile.png;null;land;-60
[12,3];571';607';535';570';572';maps/fondos/grass-tile.png;null;land;-60
[13,3];572';608';536';571';573';maps/fondos/grass-tile.png;null;land;-60
[14,3];573';609';537';572';574';maps/fondos/new-anti-world/anti-573.png;null;beach;-60
[15,3];574';610';538';573';575';maps/fondos/new-anti-world/anti-574.png;null;beach;-60
[16,3];575';611';539';574';576';maps/fondos/water-tile.png;null;water;-60
[17,3];576';612';540';575';541';maps/fondos/water-tile.png;null;water;-60
[18,3];541';577';505';576';542';maps/fondos/water-tile.png;null;water;-60
[19,3];542';578';506';541';543';maps/fondos/water-tile.png;null;water;-60
[20,3];543';579';507';542';544';maps/fondos/water-tile.png;null;water;-60
[21,3];544';580';508';543';545';maps/fondos/water-tile.png;null;water;-60
[22,3];545';581';509';544';546';maps/fondos/new-anti-world/anti-545.png;null;beach;-60
[23,3];546';582';510';545';547';maps/fondos/new-anti-world/anti-546.png;null;beach;-60
[24,3];547';583';511';546';548';maps/fondos/new-anti-world/anti-547.png;null;beach;-60
[25,3];548';584';512';547';549';maps/fondos/new-anti-world/anti-548.png;null;beach;-60
[26,3];549';585';513';548';550';maps/fondos/new-anti-world/anti-549.png;null;beach;-60
[27,3];550';586';514';549';551';maps/fondos/new-anti-world/anti-550.png;null;beach;-60
[28,3];551';587';515';550';552';maps/fondos/new-anti-world/anti-551.png;null;beach;-60
[29,3];552';588';516';551';553';maps/fondos/water-tile.png;null;water;-60
[30,3];553';589';517';552';554';maps/fondos/water-tile.png;null;water;-60
[31,3];554';590';518';553';555';maps/fondos/water-tile.png;null;water;-60
[32,3];555';591';519';554';556';maps/fondos/water-tile.png;null;water;-60
[33,3];556';592';520';555';557';maps/fondos/water-tile.png;null;water;-60
[34,3];557';593';521';556';558';maps/fondos/new-anti-world/anti-557.png;null;beach;-60
[35,3];558';594';522';557';559';maps/fondos/new-anti-world/anti-558.png;null;beach;-60
[0,4];523';559';487';522';524';maps/fondos/new-anti-world/anti-523.png;null;beach;-50
[1,4];524';560';488';523';525';maps/fondos/grass-tile.png;null;land;-50
[2,4];525';561';489';524';526';maps/fondos/grass-tile.png;null;land;-50
[3,4];526';562';490';525';527';maps/fondos/grass-tile.png;null;land;-50
[4,4];527';563';491';526';528';maps/fondos/grass-tile.png;null;land;-50
[5,4];528';564';492';527';529';maps/fondos/grass-tile.png;null;land;-50
[6,4];529';565';493';528';530';maps/fondos/new-anti-world/anti-529.png;null;beach;-50
[7,4];530';566';494';529';531';maps/fondos/new-anti-world/anti-530.png;null;beach;-50
[8,4];531';567';495';530';532';maps/fondos/water-tile.png;null;water;-50
[9,4];532';568';496';531';533';maps/fondos/new-anti-world/anti-532.png;null;beach;-50
[10,4];533';569';497';532';534';maps/fondos/new-anti-world/anti-533.png;null;beach;-50
[11,4];534';570';498';533';535';maps/fondos/grass-tile.png;null;land;-50
[12,4];535';571';499';534';536';maps/fondos/grass-tile.png;null;land;-50
[13,4];536';572';500';535';537';maps/fondos/grass-tile.png;null;land;-50
[14,4];537';573';501';536';538';maps/fondos/grass-tile.png;null;land;-50
[15,4];538';574';502';537';539';maps/fondos/new-anti-world/anti-538.png;null;beach;-50
[16,4];539';575';503';538';540';maps/fondos/water-tile.png;null;water;-50
[17,4];540';576';504';539';505';maps/fondos/water-tile.png;null;water;-50
[18,4];505';541';469';540';506';maps/fondos/water-tile.png;null;water;-50
[19,4];506';542';470';505';507';maps/fondos/water-tile.png;null;water;-50
[20,4];507';543';471';506';508';maps/fondos/water-tile.png;null;water;-50
[21,4];508';544';472';507';509';maps/fondos/water-tile.png;null;water;-50
[22,4];509';545';473';508';510';maps/fondos/new-anti-world/anti-509.png;null;beach;-50
[23,4];510';546';474';509';511';maps/fondos/new-anti-world/anti-510.png;null;beach;-50
[24,4];511';547';475';510';512';maps/fondos/grass-tile.png;null;land;-50
[25,4];512';548';476';511';513';maps/fondos/grass-tile.png;null;land;-50
[26,4];513';549';477';512';514';maps/fondos/grass-tile.png;null;land;-50
[27,4];514';550';478';513';515';maps/fondos/new-anti-world/anti-514.png;null;beach;-50
[28,4];515';551';479';514';516';maps/fondos/new-anti-world/anti-515.png;null;beach;-50
[29,4];516';552';480';515';517';maps/fondos/new-anti-world/anti-516.png;null;beach;-50
[30,4];517';553';481';516';518';maps/fondos/water-tile.png;null;water;-50
[31,4];518';554';482';517';519';maps/fondos/water-tile.png;null;water;-50
[32,4];519';555';483';518';520';maps/fondos/water-tile.png;null;water;-50
[33,4];520';556';484';519';521';maps/fondos/water-tile.png;null;water;-50
[34,4];521';557';485';520';522';maps/fondos/new-anti-world/anti-521.png;null;beach;-50
[35,4];522';558';486';521';523';maps/fondos/new-anti-world/anti-522.png;null;beach;-50
[0,5];487';523';451';486';488';maps/fondos/new-anti-world/anti-487.png;null;beach;-40
[1,5];488';524';452';487';489';maps/fondos/grass-tile.png;null;land;-40
[2,5];489';525';453';488';490';maps/fondos/grass-tile.png;null;land;-40
[3,5];490';526';454';489';491';maps/fondos/grass-tile.png;null;land;-40
[4,5];491';527';455';490';492';maps/fondos/grass-tile.png;null;land;-40
[5,5];492';528';456';491';493';maps/fondos/grass-tile.png;null;land;-40
[6,5];493';529';457';492';494';maps/fondos/grass-tile.png;null;land;-40
[7,5];494';530';458';493';495';maps/fondos/new-anti-world/anti-494.png;null;beach;-40
[8,5];495';531';459';494';496';maps/fondos/new-anti-world/anti-495.png;null;beach;-40
[9,5];496';532';460';495';497';maps/fondos/water-tile.png;null;water;-40
[10,5];497';533';461';496';498';maps/fondos/new-anti-world/anti-497.png;null;beach;-40
[11,5];498';534';462';497';499';maps/fondos/new-anti-world/anti-498.png;null;beach;-40
[12,5];499';535';463';498';500';maps/fondos/grass-tile.png;null;land;-40
[13,5];500';536';464';499';501';maps/fondos/new-anti-world/anti-500.png;null;beach;-40
[14,5];501';537';465';500';502';maps/fondos/new-anti-world/anti-501.png;null;beach;-40
[15,5];502';538';466';501';503';maps/fondos/new-anti-world/anti-502.png;null;beach;-40
[16,5];503';539';467';502';504';maps/fondos/water-tile.png;null;water;-40
[17,5];504';540';468';503';469';maps/fondos/water-tile.png;null;water;-40
[18,5];469';505';433';504';470';maps/fondos/water-tile.png;null;water;-40
[19,5];470';506';434';469';471';maps/fondos/water-tile.png;null;water;-40
[20,5];471';507';435';470';472';maps/fondos/water-tile.png;null;water;-40
[21,5];472';508';436';471';473';maps/fondos/new-anti-world/anti-472.png;null;beach;-40
[22,5];473';509';437';472';474';maps/fondos/new-anti-world/anti-473.png;null;beach;-40
[23,5];474';510';438';473';475';maps/fondos/grass-tile.png;null;land;-40
[24,5];475';511';439';474';476';maps/fondos/grass-tile.png;null;land;-40
[25,5];476';512';440';475';477';maps/fondos/grass-tile.png;null;land;-40
[26,5];477';513';441';476';478';maps/fondos/grass-tile.png;null;land;-40
[27,5];478';514';442';477';479';maps/fondos/grass-tile.png;null;land;-40
[28,5];479';515';443';478';480';maps/fondos/grass-tile.png;null;land;-40
[29,5];480';516';444';479';481';maps/fondos/new-anti-world/anti-480.png;null;beach;-40
[30,5];481';517';445';480';482';maps/fondos/water-tile.png;null;water;-40
[31,5];482';518';446';481';483';maps/fondos/water-tile.png;null;water;-40
[32,5];483';519';447';482';484';maps/fondos/water-tile.png;null;water;-40
[33,5];484';520';448';483';485';maps/fondos/water-tile.png;null;water;-40
[34,5];485';521';449';484';486';maps/fondos/water-tile.png;null;water;-40
[35,5];486';522';450';485';487';maps/fondos/new-anti-world/anti-486.png;null;beach;-40
[0,6];451';487';415';450';452';maps/fondos/new-anti-world/anti-451.png;null;beach;-30
[1,6];452';488';416';451';453';maps/fondos/new-anti-world/anti-452.png;null;beach;-30
[2,6];453';489';417';452';454';maps/fondos/new-anti-world/anti-453.png;null;beach;-30
[3,6];454';490';418';453';455';maps/fondos/grass-tile.png;null;land;-30
[4,6];455';491';419';454';456';maps/fondos/grass-tile.png;null;land;-30
[5,6];456';492';420';455';457';maps/fondos/grass-tile.png;null;land;-30
[6,6];457';493';421';456';458';maps/fondos/grass-tile.png;null;land;-30
[7,6];458';494';422';457';459';maps/fondos/grass-tile.png;null;land;-30
[8,6];459';495';423';458';460';maps/fondos/new-anti-world/anti-459.png;null;beach;-30
[9,6];460';496';424';459';461';maps/fondos/new-anti-world/anti-460.png;null;beach;-30
[10,6];461';497';425';460';462';maps/fondos/water-tile.png;null;water;-30
[11,6];462';498';426';461';463';maps/fondos/new-anti-world/anti-462.png;null;beach;-30
[12,6];463';499';427';462';464';maps/fondos/new-anti-world/anti-463.png;null;beach;-30
[13,6];464';500';428';463';465';maps/fondos/new-anti-world/anti-464.png;null;beach;-30
[14,6];465';501';429';464';466';maps/fondos/new-anti-world/anti-465.png;null;beach;-30
[15,6];466';502';430';465';467';maps/fondos/water-tile.png;null;water;-30
[16,6];467';503';431';466';468';maps/fondos/water-tile.png;null;water;-30
[17,6];468';504';432';467';433';maps/fondos/water-tile.png;null;water;-30
[18,6];433';469';397';468';434';maps/fondos/water-tile.png;null;water;-30
[19,6];434';470';398';433';435';maps/fondos/water-tile.png;null;water;-30
[20,6];435';471';399';434';436';maps/fondos/water-tile.png;null;water;-30
[21,6];436';472';400';435';437';maps/fondos/new-anti-world/anti-436.png;null;beach;-30
[22,6];437';473';401';436';438';maps/fondos/grass-tile.png;null;land;-30
[23,6];438';474';402';437';439';maps/fondos/grass-tile.png;null;land;-30
[24,6];439';475';403';438';440';maps/fondos/grass-tile.png;null;land;-30
[25,6];440';476';404';439';441';maps/fondos/grass-tile.png;null;land;-30
[26,6];441';477';405';440';442';maps/fondos/grass-tile.png;null;land;-30
[27,6];442';478';406';441';443';maps/fondos/grass-tile.png;null;land;-30
[28,6];443';479';407';442';444';maps/fondos/new-anti-world/anti-443.png;null;beach;-30
[29,6];444';480';408';443';445';maps/fondos/new-anti-world/anti-444.png;null;beach;-30
[30,6];445';481';409';444';446';maps/fondos/water-tile.png;null;water;-30
[31,6];446';482';410';445';447';maps/fondos/water-tile.png;null;water;-30
[32,6];447';483';411';446';448';maps/fondos/water-tile.png;null;water;-30
[33,6];448';484';412';447';449';maps/fondos/water-tile.png;null;water;-30
[34,6];449';485';413';448';450';maps/fondos/water-tile.png;null;water;-30
[35,6];450';486';414';449';451';maps/fondos/water-tile.png;null;water;-30
[0,7];415';451';379';414';416';maps/fondos/water-tile.png;null;water;-20
[1,7];416';452';380';415';417';maps/fondos/new-anti-world/anti-416.png;null;beach;-20
[2,7];417';453';381';416';418';maps/fondos/grass-tile.png;null;land;-20
[3,7];418';454';382';417';419';maps/fondos/grass-tile.png;null;land;-20
[4,7];419';455';383';418';420';maps/fondos/grass-tile.png;null;land;-20
[5,7];420';456';384';419';421';maps/fondos/grass-tile.png;null;land;-20
[6,7];421';457';385';420';422';maps/fondos/grass-tile.png;null;land;-20
[7,7];422';458';386';421';423';maps/fondos/grass-tile.png;null;land;-20
[8,7];423';459';387';422';424';maps/fondos/grass-tile.png;null;land;-20
[9,7];424';460';388';423';425';maps/fondos/new-anti-world/anti-424.png;null;beach;-20
[10,7];425';461';389';424';426';maps/fondos/new-anti-world/anti-425.png;null;beach;-20
[11,7];426';462';390';425';427';maps/fondos/water-tile.png;null;water;-20
[12,7];427';463';391';426';428';maps/fondos/water-tile.png;null;water;-20
[13,7];428';464';392';427';429';maps/fondos/water-tile.png;null;water;-20
[14,7];429';465';393';428';430';maps/fondos/water-tile.png;null;water;-20
[15,7];430';466';394';429';431';maps/fondos/water-tile.png;null;water;-20
[16,7];431';467';395';430';432';maps/fondos/water-tile.png;null;water;-20
[17,7];432';468';396';431';397';maps/fondos/water-tile.png;null;water;-20
[18,7];397';433';361';432';398';maps/fondos/water-tile.png;null;water;-20
[19,7];398';434';362';397';399';maps/fondos/water-tile.png;null;water;-20
[20,7];399';435';363';398';400';maps/fondos/new-anti-world/anti-399.png;null;beach;-20
[21,7];400';436';364';399';401';maps/fondos/new-anti-world/anti-400.png;null;beach;-20
[22,7];401';437';365';400';402';maps/fondos/grass-tile.png;null;land;-20
[23,7];402';438';366';401';403';maps/fondos/grass-tile.png;null;land;-20
[24,7];403';439';367';402';404';maps/fondos/grass-tile.png;null;land;-20
[25,7];404';440';368';403';405';maps/fondos/grass-tile.png;null;land;-20
[26,7];405';441';369';404';406';maps/fondos/grass-tile.png;null;land;-20
[27,7];406';442';370';405';407';maps/fondos/new-anti-world/anti-406.png;null;beach;-20
[28,7];407';443';371';406';408';maps/fondos/new-anti-world/anti-407.png;null;beach;-20
[29,7];408';444';372';407';409';maps/fondos/water-tile.png;null;water;-20
[30,7];409';445';373';408';410';maps/fondos/water-tile.png;null;water;-20
[31,7];410';446';374';409';411';maps/fondos/new-anti-world/anti-410.png;null;beach;-20
[32,7];411';447';375';410';412';maps/fondos/new-anti-world/anti-411.png;null;beach;-20
[33,7];412';448';376';411';413';maps/fondos/new-anti-world/anti-412.png;null;beach;-20
[34,7];413';449';377';412';414';maps/fondos/new-anti-world/anti-413.png;null;beach;-20
[35,7];414';450';378';413';415';maps/fondos/water-tile.png;null;water;-20
[0,8];379';415';343';378';380';maps/fondos/water-tile.png;null;water;-10
[1,8];380';416';344';379';381';maps/fondos/new-anti-world/anti-380.png;null;beach;-10
[2,8];381';417';345';380';382';maps/fondos/new-anti-world/anti-381.png;null;beach;-10
[3,8];382';418';346';381';383';maps/fondos/grass-tile.png;null;land;-10
[4,8];383';419';347';382';384';maps/fondos/grass-tile.png;null;land;-10
[5,8];384';420';348';383';385';maps/fondos/grass-tile.png;null;land;-10
[6,8];385';421';349';384';386';maps/fondos/grass-tile.png;null;land;-10
[7,8];386';422';350';385';387';maps/fondos/grass-tile.png;null;land;-10
[8,8];387';423';351';386';388';maps/fondos/grass-tile.png;null;land;-10
[9,8];388';424';352';387';389';maps/fondos/new-anti-world/anti-388.png;null;beach;-10
[10,8];389';425';353';388';390';maps/fondos/new-anti-world/anti-389.png;null;beach;-10
[11,8];390';426';354';389';391';maps/fondos/water-tile.png;null;water;-10
[12,8];391';427';355';390';392';maps/fondos/new-anti-world/anti-391.png;null;beach;-10
[13,8];392';428';356';391';393';maps/fondos/new-anti-world/anti-392.png;null;beach;-10
[14,8];393';429';357';392';394';maps/fondos/new-anti-world/anti-393.png;null;beach;-10
[15,8];394';430';358';393';395';maps/fondos/water-tile.png;null;water;-10
[16,8];395';431';359';394';396';maps/fondos/water-tile.png;null;water;-10
[17,8];396';432';360';395';361';maps/fondos/water-tile.png;null;water;-10
[18,8];361';397';325';396';362';maps/fondos/water-tile.png;null;water;-10
[19,8];362';398';326';361';363';maps/fondos/water-tile.png;null;water;-10
[20,8];363';399';327';362';364';maps/fondos/new-anti-world/anti-363.png;null;beach;-10
[21,8];364';400';328';363';365';maps/fondos/new-anti-world/anti-364.png;null;beach;-10
[22,8];365';401';329';364';366';maps/fondos/grass-tile.png;null;land;-10
[23,8];366';402';330';365';367';maps/fondos/grass-tile.png;null;land;-10
[24,8];367';403';331';366';368';maps/fondos/grass-tile.png;null;land;-10
[25,8];368';404';332';367';369';maps/fondos/grass-tile.png;null;land;-10
[26,8];369';405';333';368';370';maps/fondos/grass-tile.png;null;land;-10
[27,8];370';406';334';369';371';maps/fondos/new-anti-world/anti-370.png;null;beach;-10
[28,8];371';407';335';370';372';maps/fondos/water-tile.png;null;water;-10
[29,8];372';408';336';371';373';maps/fondos/water-tile.png;null;water;-10
[30,8];373';409';337';372';374';maps/fondos/water-tile.png;null;water;-10
[31,8];374';410';338';373';375';maps/fondos/new-anti-world/anti-374.png;null;beach;-10
[32,8];375';411';339';374';376';maps/fondos/grass-tile.png;null;land;-10
[33,8];376';412';340';375';377';maps/fondos/grass-tile.png;null;land;-10
[34,8];377';413';341';376';378';maps/fondos/new-anti-world/anti-377.png;null;beach;-10
[35,8];378';414';342';377';379';maps/fondos/water-tile.png;null;water;-10
[0,9];343';379';307';342';344';maps/fondos/water-tile.png;null;water;0
[1,9];344';380';308';343';345';maps/fondos/new-anti-world/anti-344.png;null;beach;0
[2,9];345';381';309';344';346';maps/fondos/new-anti-world/anti-345.png;null;beach;0
[3,9];346';382';310';345';347';maps/fondos/grass-tile.png;null;land;0
[4,9];347';383';311';346';348';maps/fondos/grass-tile.png;null;land;0
[5,9];348';384';312';347';349';maps/fondos/grass-tile.png;null;land;0
[6,9];349';385';313';348';350';maps/fondos/grass-tile.png;null;land;0
[7,9];350';386';314';349';351';maps/fondos/grass-tile.png;null;land;0
[8,9];351';387';315';350';352';maps/fondos/grass-tile.png;null;land;0
[9,9];352';388';316';351';353';maps/fondos/grass-tile.png;null;land;0
[10,9];353';389';317';352';354';maps/fondos/new-anti-world/anti-353.png;null;beach;0
[11,9];354';390';318';353';355';maps/fondos/water-tile.png;null;water;0
[12,9];355';391';319';354';356';maps/fondos/new-anti-world/anti-355.png;null;beach;0
[13,9];356';392';320';355';357';maps/fondos/grass-tile.png;null;land;0
[14,9];357';393';321';356';358';maps/fondos/new-anti-world/anti-357.png;null;beach;0
[15,9];358';394';322';357';359';maps/fondos/new-anti-world/anti-358.png;null;beach;0
[16,9];359';395';323';358';360';maps/fondos/water-tile.png;null;water;0
[17,9];360';396';324';359';325';maps/fondos/water-tile.png;null;water;0
[18,9];325';361';289';360';326';maps/fondos/water-tile.png;null;water;0
[19,9];326';362';290';325';327';maps/fondos/water-tile.png;null;water;0
[20,9];327';363';291';326';328';maps/fondos/new-anti-world/anti-327.png;null;beach;0
[21,9];328';364';292';327';329';maps/fondos/grass-tile.png;null;land;0
[22,9];329';365';293';328';330';maps/fondos/grass-tile.png;null;land;0
[23,9];330';366';294';329';331';maps/fondos/grass-tile.png;null;land;0
[24,9];331';367';295';330';332';maps/fondos/grass-tile.png;null;land;0
[25,9];332';368';296';331';333';maps/fondos/grass-tile.png;null;land;0
[26,9];333';369';297';332';334';maps/fondos/grass-tile.png;null;land;0
[27,9];334';370';298';333';335';maps/fondos/new-anti-world/anti-334.png;null;beach;0
[28,9];335';371';299';334';336';maps/fondos/new-anti-world/anti-335.png;null;beach;0
[29,9];336';372';300';335';337';maps/fondos/new-anti-world/anti-336.png;null;beach;0
[30,9];337';373';301';336';338';maps/fondos/water-tile.png;null;water;0
[31,9];338';374';302';337';339';maps/fondos/new-anti-world/anti-338.png;null;beach;0
[32,9];339';375';303';338';340';maps/fondos/grass-tile.png;null;land;0
[33,9];340';376';304';339';341';maps/fondos/grass-tile.png;null;land;0
[34,9];341';377';305';340';342';maps/fondos/new-anti-world/anti-341.png;null;beach;0
[35,9];342';378';306';341';343';maps/fondos/water-tile.png;null;water;0
[0,10];307';343';271';306';308';maps/fondos/water-tile.png;null;water;10
[1,10];308';344';272';307';309';maps/fondos/new-anti-world/anti-308.png;null;beach;10
[2,10];309';345';273';308';310';maps/fondos/grass-tile.png;null;land;10
[3,10];310';346';274';309';311';maps/fondos/grass-tile.png;null;land;10
[4,10];311';347';275';310';312';maps/fondos/grass-tile.png;null;land;10
[5,10];312';348';276';311';313';maps/fondos/grass-tile.png;null;land;10
[6,10];313';349';277';312';314';maps/fondos/grass-tile.png;null;land;10
[7,10];314';350';278';313';315';maps/fondos/grass-tile.png;null;land;10
[8,10];315';351';279';314';316';maps/fondos/grass-tile.png;null;land;10
[9,10];316';352';280';315';317';maps/fondos/new-anti-world/anti-316.png;null;beach;10
[10,10];317';353';281';316';318';maps/fondos/new-anti-world/anti-317.png;null;beach;10
[11,10];318';354';282';317';319';maps/fondos/water-tile.png;null;water;10
[12,10];319';355';283';318';320';maps/fondos/new-anti-world/anti-319.png;null;beach;10
[13,10];320';356';284';319';321';maps/fondos/grass-tile.png;null;land;10
[14,10];321';357';285';320';322';maps/fondos/grass-tile.png;null;land;10
[15,10];322';358';286';321';323';maps/fondos/new-anti-world/anti-322.png;null;beach;10
[16,10];323';359';287';322';324';maps/fondos/water-tile.png;null;water;10
[17,10];324';360';288';323';289';maps/fondos/water-tile.png;null;water;10
[18,10];289';325';253';324';290';maps/fondos/water-tile.png;null;water;10
[19,10];290';326';254';289';291';maps/fondos/water-tile.png;null;water;10
[20,10];291';327';255';290';292';maps/fondos/new-anti-world/anti-291.png;null;beach;10
[21,10];292';328';256';291';293';maps/fondos/new-anti-world/anti-292.png;null;beach;10
[22,10];293';329';257';292';294';maps/fondos/grass-tile.png;null;land;10
[23,10];294';330';258';293';295';maps/fondos/grass-tile.png;null;land;10
[24,10];295';331';259';294';296';maps/fondos/grass-tile.png;null;land;10
[25,10];296';332';260';295';297';maps/fondos/grass-tile.png;null;land;10
[26,10];297';333';261';296';298';maps/fondos/grass-tile.png;null;land;10
[27,10];298';334';262';297';299';maps/fondos/grass-tile.png;null;land;10
[28,10];299';335';263';298';300';maps/fondos/grass-tile.png;null;land;10
[29,10];300';336';264';299';301';maps/fondos/new-anti-world/anti-300.png;null;beach;10
[30,10];301';337';265';300';302';maps/fondos/new-anti-world/anti-301.png;null;beach;10
[31,10];302';338';266';301';303';maps/fondos/new-anti-world/anti-302.png;null;beach;10
[32,10];303';339';267';302';304';maps/fondos/new-anti-world/anti-303.png;null;beach;10
[33,10];304';340';268';303';305';maps/fondos/new-anti-world/anti-304.png;null;beach;10
[34,10];305';341';269';304';306';maps/fondos/new-anti-world/anti-305.png;null;beach;10
[35,10];306';342';270';305';307';maps/fondos/water-tile.png;null;water;10
[0,11];271';307';235';270';272';maps/fondos/water-tile.png;null;water;20
[1,11];272';308';236';271';273';maps/fondos/new-anti-world/anti-272.png;null;beach;20
[2,11];273';309';237';272';274';maps/fondos/grass-tile.png;null;land;20
[3,11];274';310';238';273';275';maps/fondos/grass-tile.png;null;land;20
[4,11];275';311';239';274';276';maps/fondos/grass-tile.png;null;land;20
[5,11];276';312';240';275';277';maps/fondos/grass-tile.png;null;land;20
[6,11];277';313';241';276';278';maps/fondos/grass-tile.png;null;land;20
[7,11];278';314';242';277';279';maps/fondos/grass-tile.png;null;land;20
[8,11];279';315';243';278';280';maps/fondos/grass-tile.png;null;land;20
[9,11];280';316';244';279';281';maps/fondos/new-anti-world/anti-280.png;null;beach;20
[10,11];281';317';245';280';282';maps/fondos/new-anti-world/anti-281.png;null;beach;20
[11,11];282';318';246';281';283';maps/fondos/water-tile.png;null;water;20
[12,11];283';319';247';282';284';maps/fondos/new-anti-world/anti-283.png;null;beach;20
[13,11];284';320';248';283';285';maps/fondos/grass-tile.png;null;land;20
[14,11];285';321';249';284';286';maps/fondos/grass-tile.png;null;land;20
[15,11];286';322';250';285';287';maps/fondos/new-anti-world/anti-286.png;null;beach;20
[16,11];287';323';251';286';288';maps/fondos/water-tile.png;null;water;20
[17,11];288';324';252';287';253';maps/fondos/water-tile.png;null;water;20
[18,11];253';289';217';288';254';maps/fondos/water-tile.png;null;water;20
[19,11];254';290';218';253';255';maps/fondos/water-tile.png;null;water;20
[20,11];255';291';219';254';256';maps/fondos/water-tile.png;null;water;20
[21,11];256';292';220';255';257';maps/fondos/new-anti-world/anti-256.png;null;beach;20
[22,11];257';293';221';256';258';maps/fondos/grass-tile.png;null;land;20
[23,11];258';294';222';257';259';maps/fondos/grass-tile.png;null;land;20
[24,11];259';295';223';258';260';maps/fondos/grass-tile.png;null;land;20
[25,11];260';296';224';259';261';maps/fondos/grass-tile.png;null;land;20
[26,11];261';297';225';260';262';maps/fondos/grass-tile.png;null;land;20
[27,11];262';298';226';261';263';maps/fondos/grass-tile.png;null;land;20
[28,11];263';299';227';262';264';maps/fondos/grass-tile.png;null;land;20
[29,11];264';300';228';263';265';maps/fondos/grass-tile.png;null;land;20
[30,11];265';301';229';264';266';maps/fondos/new-anti-world/anti-265.png;null;beach;20
[31,11];266';302';230';265';267';maps/fondos/water-tile.png;null;water;20
[32,11];267';303';231';266';268';maps/fondos/water-tile.png;null;water;20
[33,11];268';304';232';267';269';maps/fondos/water-tile.png;null;water;20
[34,11];269';305';233';268';270';maps/fondos/water-tile.png;null;water;20
[35,11];270';306';234';269';271';maps/fondos/water-tile.png;null;water;20
[0,12];235';271';199';234';236';maps/fondos/new-anti-world/anti-235.png;null;beach;30
[1,12];236';272';200';235';237';maps/fondos/new-anti-world/anti-236.png;null;beach;30
[2,12];237';273';201';236';238';maps/fondos/grass-tile.png;null;land;30
[3,12];238';274';202';237';239';maps/fondos/grass-tile.png;null;land;30
[4,12];239';275';203';238';240';maps/fondos/grass-tile.png;null;land;30
[5,12];240';276';204';239';241';maps/fondos/grass-tile.png;null;land;30
[6,12];241';277';205';240';242';maps/fondos/grass-tile.png;null;land;30
[7,12];242';278';206';241';243';maps/fondos/grass-tile.png;null;land;30
[8,12];243';279';207';242';244';maps/fondos/grass-tile.png;null;land;30
[9,12];244';280';208';243';245';maps/fondos/new-anti-world/anti-244.png;null;beach;30
[10,12];245';281';209';244';246';maps/fondos/water-tile.png;null;water;30
[11,12];246';282';210';245';247';maps/fondos/new-anti-world/anti-246.png;null;beach;30
[12,12];247';283';211';246';248';maps/fondos/new-anti-world/anti-247.png;null;beach;30
[13,12];248';284';212';247';249';maps/fondos/grass-tile.png;null;land;30
[14,12];249';285';213';248';250';maps/fondos/grass-tile.png;null;land;30
[15,12];250';286';214';249';251';maps/fondos/new-anti-world/anti-250.png;null;beach;30
[16,12];251';287';215';250';252';maps/fondos/water-tile.png;null;water;30
[17,12];252';288';216';251';217';maps/fondos/water-tile.png;null;water;30
[18,12];217';253';181';252';218';maps/fondos/water-tile.png;null;water;30
[19,12];218';254';182';217';219';maps/fondos/water-tile.png;null;water;30
[20,12];219';255';183';218';220';maps/fondos/new-anti-world/anti-219.png;null;beach;30
[21,12];220';256';184';219';221';maps/fondos/new-anti-world/anti-220.png;null;beach;30
[22,12];221';257';185';220';222';maps/fondos/grass-tile.png;null;land;30
[23,12];222';258';186';221';223';maps/fondos/grass-tile.png;null;land;30
[24,12];223';259';187';222';224';maps/fondos/grass-tile.png;null;land;30
[25,12];224';260';188';223';225';maps/fondos/grass-tile.png;null;land;30
[26,12];225';261';189';224';226';maps/fondos/grass-tile.png;null;land;30
[27,12];226';262';190';225';227';maps/fondos/grass-tile.png;null;land;30
[28,12];227';263';191';226';228';maps/fondos/grass-tile.png;null;land;30
[29,12];228';264';192';227';229';maps/fondos/grass-tile.png;null;land;30
[30,12];229';265';193';228';230';maps/fondos/new-anti-world/anti-229.png;null;beach;30
[31,12];230';266';194';229';231';maps/fondos/new-anti-world/anti-230.png;null;beach;30
[32,12];231';267';195';230';232';maps/fondos/new-anti-world/anti-231.png;null;beach;30
[33,12];232';268';196';231';233';maps/fondos/new-anti-world/anti-232.png;null;beach;30
[34,12];233';269';197';232';234';maps/fondos/water-tile.png;null;water;30
[35,12];234';270';198';233';235';maps/fondos/new-anti-world/anti-234.png;null;beach;30
[0,13];199';235';163';198';200';maps/fondos/new-anti-world/anti-199.png;null;beach;40
[1,13];200';236';164';199';201';maps/fondos/grass-tile.png;null;land;40
[2,13];201';237';165';200';202';maps/fondos/grass-tile.png;null;land;40
[3,13];202';238';166';201';203';maps/fondos/grass-tile.png;null;land;40
[4,13];203';239';167';202';204';maps/fondos/grass-tile.png;null;land;40
[5,13];204';240';168';203';205';maps/fondos/grass-tile.png;null;land;40
[6,13];205';241';169';204';206';maps/fondos/grass-tile.png;null;land;40
[7,13];206';242';170';205';207';maps/fondos/grass-tile.png;null;land;40
[8,13];207';243';171';206';208';maps/fondos/new-anti-world/anti-207.png;null;beach;40
[9,13];208';244';172';207';209';maps/fondos/new-anti-world/anti-208.png;null;beach;40
[10,13];209';245';173';208';210';maps/fondos/water-tile.png;null;water;40
[11,13];210';246';174';209';211';maps/fondos/new-anti-world/anti-210.png;null;beach;40
[12,13];211';247';175';210';212';maps/fondos/grass-tile.png;null;land;40
[13,13];212';248';176';211';213';maps/fondos/grass-tile.png;null;land;40
[14,13];213';249';177';212';214';maps/fondos/new-anti-world/anti-213.png;null;beach;40
[15,13];214';250';178';213';215';maps/fondos/new-anti-world/anti-214.png;null;beach;40
[16,13];215';251';179';214';216';maps/fondos/water-tile.png;null;water;40
[17,13];216';252';180';215';181';maps/fondos/water-tile.png;null;water;40
[18,13];181';217';145';216';182';maps/fondos/water-tile.png;null;water;40
[19,13];182';218';146';181';183';maps/fondos/water-tile.png;null;water;40
[20,13];183';219';147';182';184';maps/fondos/new-anti-world/anti-183.png;null;beach;40
[21,13];184';220';148';183';185';maps/fondos/new-anti-world/anti-184.png;null;beach;40
[22,13];185';221';149';184';186';maps/fondos/grass-tile.png;null;land;40
[23,13];186';222';150';185';187';maps/fondos/grass-tile.png;null;land;40
[24,13];187';223';151';186';188';maps/fondos/grass-tile.png;null;land;40
[25,13];188';224';152';187';189';maps/fondos/grass-tile.png;null;land;40
[26,13];189';225';153';188';190';maps/fondos/grass-tile.png;null;land;40
[27,13];190';226';154';189';191';maps/fondos/grass-tile.png;null;land;40
[28,13];191';227';155';190';192';maps/fondos/grass-tile.png;null;land;40
[29,13];192';228';156';191';193';maps/fondos/grass-tile.png;null;land;40
[30,13];193';229';157';192';194';maps/fondos/grass-tile.png;null;land;40
[31,13];194';230';158';193';195';maps/fondos/grass-tile.png;null;land;40
[32,13];195';231';159';194';196';maps/fondos/grass-tile.png;null;land;40
[33,13];196';232';160';195';197';maps/fondos/new-anti-world/anti-196.png;null;beach;40
[34,13];197';233';161';196';198';maps/fondos/new-anti-world/anti-197.png;null;beach;40
[35,13];198';234';162';197';199';maps/fondos/new-anti-world/anti-198.png;null;beach;40
[0,14];163';199';127';162';164';maps/fondos/new-anti-world/anti-163.png;null;beach;50
[1,14];164';200';128';163';165';maps/fondos/new-anti-world/anti-164.png;null;beach;50
[2,14];165';201';129';164';166';maps/fondos/grass-tile.png;null;land;50
[3,14];166';202';130';165';167';maps/fondos/grass-tile.png;null;land;50
[4,14];167';203';131';166';168';maps/fondos/grass-tile.png;null;land;50
[5,14];168';204';132';167';169';maps/fondos/grass-tile.png;null;land;50
[6,14];169';205';133';168';170';maps/fondos/grass-tile.png;null;land;50
[7,14];170';206';134';169';171';maps/fondos/grass-tile.png;null;land;50
[8,14];171';207';135';170';172';maps/fondos/new-anti-world/anti-171.png;null;beach;50
[9,14];172';208';136';171';173';maps/fondos/water-tile.png;null;water;50
[10,14];173';209';137';172';174';maps/fondos/new-anti-world/anti-173.png;null;beach;50
[11,14];174';210';138';173';175';maps/fondos/new-anti-world/anti-174.png;null;beach;50
[12,14];175';211';139';174';176';maps/fondos/grass-tile.png;null;land;50
[13,14];176';212';140';175';177';maps/fondos/grass-tile.png;null;land;50
[14,14];177';213';141';176';178';maps/fondos/new-anti-world/anti-177.png;null;beach;50
[15,14];178';214';142';177';179';maps/fondos/new-anti-world/anti-178.png;null;beach;50
[16,14];179';215';143';178';180';maps/fondos/water-tile.png;null;water;50
[17,14];180';216';144';179';145';maps/fondos/water-tile.png;null;water;50
[18,14];145';181';109';180';146';maps/fondos/water-tile.png;null;water;50
[19,14];146';182';110';145';147';maps/fondos/water-tile.png;null;water;50
[20,14];147';183';111';146';148';maps/fondos/new-anti-world/anti-147.png;null;beach;50
[21,14];148';184';112';147';149';maps/fondos/new-anti-world/anti-148.png;null;beach;50
[22,14];149';185';113';148';150';maps/fondos/grass-tile.png;null;land;50
[23,14];150';186';114';149';151';maps/fondos/grass-tile.png;null;land;50
[24,14];151';187';115';150';152';maps/fondos/grass-tile.png;null;land;50
[25,14];152';188';116';151';153';maps/fondos/grass-tile.png;null;land;50
[26,14];153';189';117';152';154';maps/fondos/grass-tile.png;null;land;50
[27,14];154';190';118';153';155';maps/fondos/grass-tile.png;null;land;50
[28,14];155';191';119';154';156';maps/fondos/grass-tile.png;null;land;50
[29,14];156';192';120';155';157';maps/fondos/grass-tile.png;null;land;50
[30,14];157';193';121';156';158';maps/fondos/grass-tile.png;null;land;50
[31,14];158';194';122';157';159';maps/fondos/grass-tile.png;null;land;50
[32,14];159';195';123';158';160';maps/fondos/grass-tile.png;null;land;50
[33,14];160';196';124';159';161';maps/fondos/new-anti-world/anti-160.png;null;beach;50
[34,14];161';197';125';160';162';maps/fondos/new-anti-world/anti-161.png;null;beach;50
[35,14];162';198';126';161';163';maps/fondos/water-tile.png;null;water;50
[0,15];127';163';091';126';128';maps/fondos/water-tile.png;null;water;60
[1,15];128';164';092';127';129';maps/fondos/new-anti-world/anti-128.png;null;beach;60
[2,15];129';165';093';128';130';maps/fondos/new-anti-world/anti-129.png;null;beach;60
[3,15];130';166';094';129';131';maps/fondos/new-anti-world/anti-130.png;null;beach;60
[4,15];131';167';095';130';132';maps/fondos/new-anti-world/anti-131.png;null;beach;60
[5,15];132';168';096';131';133';maps/fondos/new-anti-world/anti-132.png;null;beach;60
[6,15];133';169';097';132';134';maps/fondos/new-anti-world/anti-133.png;null;beach;60
[7,15];134';170';098';133';135';maps/fondos/new-anti-world/anti-134.png;null;beach;60
[8,15];135';171';099';134';136';maps/fondos/new-anti-world/anti-135.png;null;beach;60
[9,15];136';172';100';135';137';maps/fondos/water-tile.png;null;water;60
[10,15];137';173';101';136';138';maps/fondos/water-tile.png;null;water;60
[11,15];138';174';102';137';139';maps/fondos/new-anti-world/anti-138.png;null;beach;60
[12,15];139';175';103';138';140';maps/fondos/new-anti-world/anti-139.png;null;beach;60
[13,15];140';176';104';139';141';maps/fondos/new-anti-world/anti-140.png;null;beach;60
[14,15];141';177';105';140';142';maps/fondos/new-anti-world/anti-141.png;null;beach;60
[15,15];142';178';106';141';143';maps/fondos/water-tile.png;null;water;60
[16,15];143';179';107';142';144';maps/fondos/water-tile.png;null;water;60
[17,15];144';180';108';143';109';maps/fondos/water-tile.png;null;water;60
[18,15];109';145';073';144';110';maps/fondos/water-tile.png;null;water;60
[19,15];110';146';074';109';111';maps/fondos/water-tile.png;null;water;60
[20,15];111';147';075';110';112';maps/fondos/water-tile.png;null;water;60
[21,15];112';148';076';111';113';maps/fondos/new-anti-world/anti-112.png;null;beach;60
[22,15];113';149';077';112';114';maps/fondos/new-anti-world/anti-113.png;null;beach;60
[23,15];114';150';078';113';115';maps/fondos/new-anti-world/anti-114.png;null;beach;60
[24,15];115';151';079';114';116';maps/fondos/new-anti-world/anti-115.png;null;beach;60
[25,15];116';152';080';115';117';maps/fondos/grass-tile.png;null;land;60
[26,15];117';153';081';116';118';maps/fondos/grass-tile.png;null;land;60
[27,15];118';154';082';117';119';maps/fondos/new-anti-world/anti-118.png;null;beach;60
[28,15];119';155';083';118';120';maps/fondos/new-anti-world/anti-119.png;null;beach;60
[29,15];120';156';084';119';121';maps/fondos/grass-tile.png;null;land;60
[30,15];121';157';085';120';122';maps/fondos/new-anti-world/anti-121.png;null;beach;60
[31,15];122';158';086';121';123';maps/fondos/new-anti-world/anti-122.png;null;beach;60
[32,15];123';159';087';122';124';maps/fondos/new-anti-world/anti-123.png;null;beach;60
[33,15];124';160';088';123';125';maps/fondos/new-anti-world/anti-124.png;null;beach;60
[34,15];125';161';089';124';126';maps/fondos/new-anti-world/anti-125.png;null;beach;60
[35,15];126';162';090';125';127';maps/fondos/water-tile.png;null;water;60
[0,16];091';127';055';090';092';maps/fondos/water-tile.png;null;water;70
[1,16];092';128';056';091';093';maps/fondos/water-tile.png;null;water;70
[2,16];093';129';057';092';094';maps/fondos/water-tile.png;null;water;70
[3,16];094';130';058';093';095';maps/fondos/water-tile.png;null;water;70
[4,16];095';131';059';094';096';maps/fondos/water-tile.png;null;water;70
[5,16];096';132';060';095';097';maps/fondos/water-tile.png;null;water;70
[6,16];097';133';061';096';098';maps/fondos/water-tile.png;null;water;70
[7,16];098';134';062';097';099';maps/fondos/water-tile.png;null;water;70
[8,16];099';135';063';098';100';maps/fondos/water-tile.png;null;water;70
[9,16];100';136';064';099';101';maps/fondos/water-tile.png;null;water;70
[10,16];101';137';065';100';102';maps/fondos/water-tile.png;null;water;70
[11,16];102';138';066';101';103';maps/fondos/water-tile.png;null;water;70
[12,16];103';139';067';102';104';maps/fondos/water-tile.png;null;water;70
[13,16];104';140';068';103';105';maps/fondos/water-tile.png;null;water;70
[14,16];105';141';069';104';106';maps/fondos/water-tile.png;null;water;70
[15,16];106';142';070';105';107';maps/fondos/water-tile.png;null;water;70
[16,16];107';143';071';106';108';maps/fondos/water-tile.png;null;water;70
[17,16];108';144';072';107';073';maps/fondos/water-tile.png;null;water;70
[18,16];073';109';037';108';074';maps/fondos/water-tile.png;null;water;70
[19,16];074';110';038';073';075';maps/fondos/water-tile.png;null;water;70
[20,16];075';111';039';074';076';maps/fondos/water-tile.png;null;water;70
[21,16];076';112';040';075';077';maps/fondos/water-tile.png;null;water;70
[22,16];077';113';041';076';078';maps/fondos/new-anti-world/anti-077.png;null;beach;70
[23,16];078';114';042';077';079';maps/fondos/new-anti-world/anti-078.png;null;beach;70
[24,16];079';115';043';078';080';maps/fondos/new-anti-world/anti-079.png;null;beach;70
[25,16];080';116';044';079';081';maps/fondos/new-anti-world/anti-080.png;null;beach;70
[26,16];081';117';045';080';082';maps/fondos/new-anti-world/anti-081.png;null;beach;70
[27,16];082';118';046';081';083';maps/fondos/new-anti-world/anti-082.png;null;beach;70
[28,16];083';119';047';082';084';maps/fondos/new-anti-world/anti-083.png;null;beach;70
[29,16];084';120';048';083';085';maps/fondos/new-anti-world/anti-084.png;null;beach;70
[30,16];085';121';049';084';086';maps/fondos/new-anti-world/anti-085.png;null;beach;70
[31,16];086';122';050';085';087';maps/fondos/new-anti-world/anti-086.png;null;beach;70
[32,16];087';123';051';086';088';maps/fondos/new-anti-world/anti-087.png;null;beach;70
[33,16];088';124';052';087';089';maps/fondos/water-tile.png;null;water;70
[34,16];089';125';053';088';090';maps/fondos/water-tile.png;null;water;70
[35,16];090';126';054';089';091';maps/fondos/water-tile.png;null;water;70
[0,17];055';091';019';054';056';maps/fondos/water-tile.png;null;water;80
[1,17];056';092';020';055';057';maps/fondos/water-tile.png;null;water;80
[2,17];057';093';021';056';058';maps/fondos/water-tile.png;null;water;80
[3,17];058';094';022';057';059';maps/fondos/water-tile.png;null;water;80
[4,17];059';095';023';058';060';maps/fondos/water-tile.png;null;water;80
[5,17];060';096';024';059';061';maps/fondos/water-tile.png;null;water;80
[6,17];061';097';025';060';062';maps/fondos/water-tile.png;null;water;80
[7,17];062';098';026';061';063';maps/fondos/water-tile.png;null;water;80
[8,17];063';099';027';062';064';maps/fondos/water-tile.png;null;water;80
[9,17];064';100';028';063';065';maps/fondos/water-tile.png;null;water;80
[10,17];065';101';029';064';066';maps/fondos/water-tile.png;null;water;80
[11,17];066';102';030';065';067';maps/fondos/water-tile.png;null;water;80
[12,17];067';103';031';066';068';maps/fondos/water-tile.png;null;water;80
[13,17];068';104';032';067';069';maps/fondos/water-tile.png;null;water;80
[14,17];069';105';033';068';070';maps/fondos/water-tile.png;null;water;80
[15,17];070';106';034';069';071';maps/fondos/water-tile.png;null;water;80
[16,17];071';107';035';070';072';maps/fondos/water-tile.png;null;water;80
[17,17];072';108';036';071';037';maps/fondos/water-tile.png;null;water;80
[18,17];037';073';001';072';038';maps/fondos/water-tile.png;null;water;80
[19,17];038';074';002';037';039';maps/fondos/water-tile.png;null;water;80
[20,17];039';075';003';038';040';maps/fondos/water-tile.png;null;water;80
[21,17];040';076';004';039';041';maps/fondos/water-tile.png;null;water;80
[22,17];041';077';005';040';042';maps/fondos/water-tile.png;null;water;80
[23,17];042';078';006';041';043';maps/fondos/water-tile.png;null;water;80
[24,17];043';079';007';042';044';maps/fondos/water-tile.png;null;water;80
[25,17];044';080';008';043';045';maps/fondos/water-tile.png;null;water;80
[26,17];045';081';009';044';046';maps/fondos/water-tile.png;null;water;80
[27,17];046';082';010';045';047';maps/fondos/water-tile.png;null;water;80
[28,17];047';083';011';046';048';maps/fondos/water-tile.png;null;water;80
[29,17];048';084';012';047';049';maps/fondos/water-tile.png;null;water;80
[30,17];049';085';013';048';050';maps/fondos/water-tile.png;null;water;80
[31,17];050';086';014';049';051';maps/fondos/water-tile.png;null;water;80
[32,17];051';087';015';050';052';maps/fondos/water-tile.png;null;water;80
[33,17];052';088';016';051';053';maps/fondos/water-tile.png;null;water;80
[34,17];053';089';017';052';054';maps/fondos/water-tile.png;null;water;80
[35,17];054';090';018';053';055';maps/fondos/water-tile.png;null;water;80
[0,18];019';055';703';018';020';maps/fondos/new-anti-world/anti-019.png;null;snow;90
[1,18];020';056';704';019';021';maps/fondos/new-anti-world/anti-020.png;null;snow;90
[2,18];021';057';705';020';022';maps/fondos/new-anti-world/anti-021.png;null;snow;90
[3,18];022';058';706';021';023';maps/fondos/new-anti-world/anti-022.png;null;snow;90
[4,18];023';059';707';022';024';maps/fondos/new-anti-world/anti-023.png;null;snow;90
[5,18];024';060';708';023';025';maps/fondos/new-anti-world/anti-024.png;null;snow;90
[6,18];025';061';709';024';026';maps/fondos/new-anti-world/anti-025.png;null;snow;90
[7,18];026';062';710';025';027';maps/fondos/new-anti-world/anti-026.png;null;snow;90
[8,18];027';063';711';026';028';maps/fondos/new-anti-world/anti-027.png;null;snow;90
[9,18];028';064';712';027';029';maps/fondos/new-anti-world/anti-028.png;null;snow;90
[10,18];029';065';713';028';030';maps/fondos/new-anti-world/anti-029.png;null;snow;90
[11,18];030';066';714';029';031';maps/fondos/new-anti-world/anti-030.png;null;snow;90
[12,18];031';067';715';030';032';maps/fondos/new-anti-world/anti-031.png;null;snow;90
[13,18];032';068';716';031';033';maps/fondos/new-anti-world/anti-032.png;null;snow;90
[14,18];033';069';717';032';034';maps/fondos/new-anti-world/anti-033.png;null;snow;90
[15,18];034';070';718';033';035';maps/fondos/new-anti-world/anti-034.png;null;snow;90
[16,18];035';071';719';034';036';maps/fondos/new-anti-world/anti-035.png;null;snow;90
[17,18];036';072';720';035';001';maps/fondos/new-anti-world/anti-036.png;null;snow;90
[18,18];001';037';685';036';002';maps/fondos/new-anti-world/anti-001.png;null;snow;90
[19,18];002';038';686';001';003';maps/fondos/new-anti-world/anti-002.png;null;snow;90
[20,18];003';039';687';002';004';maps/fondos/new-anti-world/anti-003.png;null;snow;90
[21,18];004';040';688';003';005';maps/fondos/new-anti-world/anti-004.png;null;snow;90
[22,18];005';041';689';004';006';maps/fondos/new-anti-world/anti-005.png;null;snow;90
[23,18];006';042';690';005';007';maps/fondos/new-anti-world/anti-006.png;null;snow;90
[24,18];007';043';691';006';008';maps/fondos/new-anti-world/anti-007.png;null;snow;90
[25,18];008';044';692';007';009';maps/fondos/new-anti-world/anti-008.png;null;snow;90
[26,18];009';045';693';008';010';maps/fondos/new-anti-world/anti-009.png;null;snow;90
[27,18];010';046';694';009';011';maps/fondos/new-anti-world/anti-010.png;null;snow;90
[28,18];011';047';695';010';012';maps/fondos/new-anti-world/anti-011.png;null;snow;90
[29,18];012';048';696';011';013';maps/fondos/new-anti-world/anti-012.png;null;snow;90
[30,18];013';049';697';012';014';maps/fondos/new-anti-world/anti-013.png;null;snow;90
[31,18];014';050';698';013';015';maps/fondos/new-anti-world/anti-014.png;null;snow;90
[32,18];015';051';699';014';016';maps/fondos/new-anti-world/anti-015.png;null;snow;90
[33,18];016';052';700';015';017';maps/fondos/new-anti-world/anti-016.png;null;snow;90
[34,18];017';053';701';016';018';maps/fondos/new-anti-world/anti-017.png;null;snow;90
[35,18];018';054';702';017';019';maps/fondos/new-anti-world/anti-018.png;null;snow;90
[0,19];703';019';null;702';704';maps/fondos/snow-tile.png;null;snow;90
[1,19];704';020';null;703';705';maps/fondos/snow-tile.png;null;snow;90
[2,19];705';021';null;704';706';maps/fondos/snow-tile.png;null;snow;90
[3,19];706';022';null;705';707';maps/fondos/snow-tile.png;null;snow;90
[4,19];707';023';null;706';708';maps/fondos/snow-tile.png;null;snow;90
[5,19];708';024';null;707';709';maps/fondos/snow-tile.png;null;snow;90
[6,19];709';025';null;708';710';maps/fondos/snow-tile.png;null;snow;90
[7,19];710';026';null;709';711';maps/fondos/snow-tile.png;null;snow;90
[8,19];711';027';null;710';712';maps/fondos/snow-tile.png;null;snow;90
[9,19];712';028';null;711';713';maps/fondos/snow-tile.png;null;snow;90
[10,19];713';029';null;712';714';maps/fondos/snow-tile.png;null;snow;90
[11,19];714';030';null;713';715';maps/fondos/snow-tile.png;null;snow;90
[12,19];715';031';null;714';716';maps/fondos/snow-tile.png;null;snow;90
[13,19];716';032';null;715';717';maps/fondos/snow-tile.png;null;snow;90
[14,19];717';033';null;716';718';maps/fondos/snow-tile.png;null;snow;90
[15,19];718';034';null;717';719';maps/fondos/snow-tile.png;null;snow;90
[16,19];719';035';null;718';720';maps/fondos/snow-tile.png;null;snow;90
[17,19];720';036';null;719';685';maps/fondos/snow-tile.png;null;snow;90
[18,19];685';001';null;720';686';maps/fondos/snow-tile.png;null;snow;90
[19,19];686';002';null;685';687';maps/fondos/snow-tile.png;null;snow;90
[20,19];687';003';null;686';688';maps/fondos/snow-tile.png;null;snow;90
[21,19];688';004';null;687';689';maps/fondos/snow-tile.png;null;snow;90
[22,19];689';005';null;688';690';maps/fondos/snow-tile.png;null;snow;90
[23,19];690';006';null;689';691';maps/fondos/snow-tile.png;null;snow;90
[24,19];691';007';null;690';692';maps/fondos/snow-tile.png;null;snow;90
[25,19];692';008';null;691';693';maps/fondos/snow-tile.png;null;snow;90
[26,19];693';009';null;692';694';maps/fondos/snow-tile.png;null;snow;90
[27,19];694';010';null;693';695';maps/fondos/snow-tile.png;null;snow;90
[28,19];695';011';null;694';696';maps/fondos/snow-tile.png;null;snow;90
[29,19];696';012';null;695';697';maps/fondos/snow-tile.png;null;snow;90
[30,19];697';013';null;696';698';maps/fondos/snow-tile.png;null;snow;90
[31,19];698';014';null;697';699';maps/fondos/snow-tile.png;null;snow;90
[32,19];699';015';null;698';700';maps/fondos/snow-tile.png;null;snow;90
[33,19];700';016';null;699';701';maps/fondos/snow-tile.png;null;snow;90
[34,19];701';017';null;700';702';maps/fondos/snow-tile.png;null;snow;90
[35,19];702';018';null;701';703';maps/fondos/snow-tile.png;null;snow;90
