[0,-1];648;null;649;0;683;maps/fondos/world/snow-tile.png;null
[1,-1];649;null;650;1;682;maps/fondos/world/snow-tile.png;null
[2,-1];650;null;651;2;681;maps/fondos/world/snow-tile.png;null
[3,-1];651;null;652;3;680;maps/fondos/world/snow-tile.png;null
[4,-1];652;null;653;4;679;maps/fondos/world/snow-tile.png;null
[5,-1];653;null;654;5;678;maps/fondos/world/snow-tile.png;null
[6,-1];654;null;655;6;677;maps/fondos/world/snow-tile.png;null
[7,-1];655;null;656;7;676;maps/fondos/world/snow-tile.png;null
[8,-1];656;null;657;8;675;maps/fondos/world/snow-tile.png;null
[9,-1];657;null;658;9;674;maps/fondos/world/snow-tile.png;null
[10,-1];658;null;659;10;673;maps/fondos/world/snow-tile.png;null
[11,-1];659;null;660;11;672;maps/fondos/world/snow-tile.png;null
[12,-1];660;null;661;12;671;maps/fondos/world/snow-tile.png;null
[13,-1];661;null;662;13;670;maps/fondos/world/snow-tile.png;null
[14,-1];662;null;663;14;669;maps/fondos/world/snow-tile.png;null
[15,-1];663;null;664;15;668;maps/fondos/world/snow-tile.png;null
[16,-1];664;null;665;16;667;maps/fondos/world/snow-tile.png;null
[17,-1];665;null;666;17;666;maps/fondos/world/snow-tile.png;null
[18,-1];666;null;667;18;665;maps/fondos/world/snow-tile.png;null
[19,-1];667;null;668;19;664;maps/fondos/world/snow-tile.png;null
[20,-1];668;null;669;20;663;maps/fondos/world/snow-tile.png;null
[21,-1];669;null;670;21;662;maps/fondos/world/snow-tile.png;null
[22,-1];670;null;671;22;661;maps/fondos/world/snow-tile.png;null
[23,-1];671;null;672;23;660;maps/fondos/world/snow-tile.png;null
[24,-1];672;null;673;24;659;maps/fondos/world/snow-tile.png;null
[25,-1];673;null;674;25;658;maps/fondos/world/snow-tile.png;null
[26,-1];674;null;675;26;657;maps/fondos/world/snow-tile.png;null
[27,-1];675;null;676;27;656;maps/fondos/world/snow-tile.png;null
[28,-1];676;null;677;28;655;maps/fondos/world/snow-tile.png;null
[29,-1];677;null;678;29;654;maps/fondos/world/snow-tile.png;null
[30,-1];678;null;679;30;653;maps/fondos/world/snow-tile.png;null
[31,-1];679;null;680;31;652;maps/fondos/world/snow-tile.png;null
[32,-1];680;null;681;32;651;maps/fondos/world/snow-tile.png;null
[33,-1];681;null;682;33;650;maps/fondos/world/snow-tile.png;null
[34,-1];682;null;683;34;649;maps/fondos/world/snow-tile.png;null
[35,-1];683;null;649;35;648;maps/fondos/world/snow-tile.png;null
[0,0];0;35;36;1;35;maps/fondos/world/tile-000.png;null
[1,0];1;34;37;2;0;maps/fondos/world/tile-001.png;maps/colisiones/world/colition-north.png
[2,0];2;33;38;3;1;maps/fondos/world/tile-002.png;maps/colisiones/world/colition-north.png
[3,0];3;32;39;4;2;maps/fondos/world/tile-003.png;maps/colisiones/world/colition-north.png
[4,0];4;31;40;5;3;maps/fondos/world/tile-004.png;maps/colisiones/world/colition-north.png
[5,0];5;30;41;6;4;maps/fondos/world/tile-005.png;maps/colisiones/world/colition-north.png
[6,0];6;29;42;7;5;maps/fondos/world/tile-006.png;maps/colisiones/world/colition-north.png
[7,0];7;28;43;8;6;maps/fondos/world/tile-007.png;maps/colisiones/world/colition-north.png
[8,0];8;27;44;9;7;maps/fondos/world/tile-008.png;maps/colisiones/world/colition-north.png
[9,0];9;26;45;10;8;maps/fondos/world/tile-009.png;maps/colisiones/world/colition-north.png
[10,0];10;25;46;11;9;maps/fondos/world/tile-010.png;maps/colisiones/world/colition-north.png
[11,0];11;24;47;12;10;maps/fondos/world/tile-011.png;maps/colisiones/world/colition-north.png
[12,0];12;23;48;13;11;maps/fondos/world/tile-012.png;maps/colisiones/world/colition-north.png
[13,0];13;22;49;14;12;maps/fondos/world/tile-013.png;maps/colisiones/world/colition-north.png
[14,0];14;21;50;15;13;maps/fondos/world/tile-014.png;maps/colisiones/world/colition-north.png
[15,0];15;20;51;16;14;maps/fondos/world/tile-015.png;maps/colisiones/world/colition-north.png
[16,0];16;19;52;17;15;maps/fondos/world/tile-016.png;maps/colisiones/world/colition-north.png
[17,0];17;18;53;18;16;maps/fondos/world/tile-017.png;maps/colisiones/world/colition-north.png
[18,0];18;17;54;19;17;maps/fondos/world/tile-018.png;maps/colisiones/world/colition-north.png
[19,0];19;16;55;20;18;maps/fondos/world/tile-019.png;maps/colisiones/world/colition-north.png
[20,0];20;15;56;21;19;maps/fondos/world/tile-020.png;maps/colisiones/world/colition-north.png
[21,0];21;14;57;22;20;maps/fondos/world/tile-021.png;maps/colisiones/world/colition-north.png
[22,0];22;13;58;23;21;maps/fondos/world/tile-022.png;maps/colisiones/world/colition-north.png
[23,0];23;12;59;24;22;maps/fondos/world/tile-023.png;maps/colisiones/world/colition-north.png
[24,0];24;11;60;25;23;maps/fondos/world/tile-024.png;maps/colisiones/world/colition-north.png
[25,0];25;10;61;26;24;maps/fondos/world/tile-025.png;maps/colisiones/world/colition-north.png
[26,0];26;9;62;27;25;maps/fondos/world/tile-026.png;maps/colisiones/world/colition-north.png
[27,0];27;8;63;28;26;maps/fondos/world/tile-027.png;maps/colisiones/world/colition-north.png
[28,0];28;7;64;29;27;maps/fondos/world/tile-028.png;maps/colisiones/world/colition-north.png
[29,0];29;6;65;30;28;maps/fondos/world/tile-029.png;maps/colisiones/world/colition-north.png
[30,0];30;5;66;31;29;maps/fondos/world/tile-030.png;maps/colisiones/world/colition-north.png
[31,0];31;4;67;32;30;maps/fondos/world/tile-031.png;maps/colisiones/world/colition-north.png
[32,0];32;3;68;33;31;maps/fondos/world/tile-032.png;maps/colisiones/world/colition-north.png
[33,0];33;2;69;34;32;maps/fondos/world/tile-033.png;maps/colisiones/world/colition-north.png
[34,0];34;1;70;35;33;maps/fondos/world/tile-034.png;maps/colisiones/world/colition-north.png
[35,0];35;0;71;0;34;maps/fondos/world/tile-035.png;maps/colisiones/world/colition-north.png
[0,1];36;0;72;37;71;maps/fondos/world/water-tile.png;null
[1,1];37;1;73;38;36;maps/fondos/world/water-tile.png;null
[2,1];38;2;74;39;37;maps/fondos/world/water-tile.png;null
[3,1];39;3;75;40;38;maps/fondos/world/water-tile.png;null
[4,1];40;4;76;41;39;maps/fondos/world/tile-040.png;null
[5,1];41;5;77;42;40;maps/fondos/world/tile-041.png;null
[6,1];42;6;78;43;41;maps/fondos/world/tile-042.png;null
[7,1];43;7;79;44;42;maps/fondos/world/tile-043.png;null
[8,1];44;8;80;45;43;maps/fondos/world/water-tile.png;null
[9,1];45;9;81;46;44;maps/fondos/world/water-tile.png;null
[10,1];46;10;82;47;45;maps/fondos/world/water-tile.png;null
[11,1];47;11;83;48;46;maps/fondos/world/water-tile.png;null
[12,1];48;12;84;49;47;maps/fondos/world/water-tile.png;null
[13,1];49;13;85;50;48;maps/fondos/world/water-tile.png;null
[14,1];50;14;86;51;49;maps/fondos/world/water-tile.png;null
[15,1];51;15;87;52;50;maps/fondos/world/water-tile.png;null
[16,1];52;16;88;53;51;maps/fondos/world/water-tile.png;null
[17,1];53;17;89;54;52;maps/fondos/world/water-tile.png;null
[18,1];54;18;90;55;53;maps/fondos/world/tile-054.png;null
[19,1];55;19;91;56;54;maps/fondos/world/tile-055.png;null
[20,1];56;20;92;57;55;maps/fondos/world/tile-056.png;null
[21,1];57;21;93;58;56;maps/fondos/world/tile-057.png;null
[22,1];58;22;94;59;57;maps/fondos/world/tile-058.png;null
[23,1];59;23;95;60;58;maps/fondos/world/tile-059.png;null
[24,1];60;24;96;61;59;maps/fondos/world/tile-060.png;null
[25,1];61;25;97;62;60;maps/fondos/world/tile-061.png;null
[26,1];62;26;98;63;61;maps/fondos/world/tile-062.png;null
[27,1];63;27;99;64;62;maps/fondos/world/tile-063.png;null
[28,1];64;28;100;65;63;maps/fondos/world/tile-064.png;null
[29,1];65;29;101;66;64;maps/fondos/world/tile-065.png;null
[30,1];66;30;102;67;65;maps/fondos/world/tile-066.png;null
[31,1];67;31;103;68;66;maps/fondos/world/water-tile.png;null
[32,1];68;32;104;69;67;maps/fondos/world/water-tile.png;null
[33,1];69;33;105;70;68;maps/fondos/world/water-tile.png;null
[34,1];70;34;106;71;69;maps/fondos/world/water-tile.png;null
[35,1];71;35;107;36;70;maps/fondos/world/tile-071.png;null
[0,2];72;36;108;73;107;maps/fondos/world/water-tile.png;null
[1,2];73;37;109;74;72;maps/fondos/world/water-tile.png;null
[2,2];74;38;110;75;73;maps/fondos/world/tile-074.png;null
[3,2];75;39;111;76;74;maps/fondos/world/tile-075.png;null
[4,2];76;40;112;77;75;maps/fondos/world/tile-076.png;null
[5,2];77;41;113;78;76;maps/fondos/world/tile-077.png;null
[6,2];78;42;114;79;77;maps/fondos/world/tile-078.png;null
[7,2];79;43;115;80;78;maps/fondos/world/tile-079.png;null
[8,2];80;44;116;81;79;maps/fondos/world/tile-080.png;null
[9,2];81;45;117;82;80;maps/fondos/world/tile-081.png;null
[10,2];82;46;118;83;81;maps/fondos/world/water-tile.png;null
[11,2];83;47;119;84;82;maps/fondos/world/water-tile.png;null
[12,2];84;48;120;85;83;maps/fondos/world/water-tile.png;null
[13,2];85;49;121;86;84;maps/fondos/world/water-tile.png;null
[14,2];86;50;122;87;85;maps/fondos/world/water-tile.png;null
[15,2];87;51;123;88;86;maps/fondos/world/water-tile.png;null
[16,2];88;52;124;89;87;maps/fondos/world/water-tile.png;null
[17,2];89;53;125;90;88;maps/fondos/world/tile-089.png;null
[18,2];90;54;126;91;89;maps/fondos/world/tile-090.png;null
[19,2];91;55;127;92;90;maps/fondos/world/tile-091.png;null
[20,2];92;56;128;93;91;maps/fondos/world/tile-092.png;null
[21,2];93;57;129;94;92;maps/fondos/world/grass-tile.png;null
[22,2];94;58;130;95;93;maps/fondos/world/grass-tile.png;null
[23,2];95;59;131;96;94;maps/fondos/world/grass-tile.png;null
[24,2];96;60;132;97;95;maps/fondos/world/grass-tile.png;null
[25,2];97;61;133;98;96;maps/fondos/world/tile-097.png;null
[26,2];98;62;134;99;97;maps/fondos/world/tile-098.png;null
[27,2];99;63;135;100;98;maps/fondos/world/grass-tile.png;null
[28,2];100;64;136;101;99;maps/fondos/world/tile-100.png;null
[29,2];101;65;137;102;100;maps/fondos/world/grass-tile.png;null
[30,2];102;66;138;103;101;maps/fondos/world/tile-102.png;null
[31,2];103;67;139;104;102;maps/fondos/world/tile-103.png;null
[32,2];104;68;140;105;103;maps/fondos/world/water-tile.png;null
[33,2];105;69;141;106;104;maps/fondos/world/water-tile.png;null
[34,2];106;70;142;107;105;maps/fondos/world/water-tile.png;null
[35,2];107;71;143;72;106;maps/fondos/world/water-tile.png;null
[0,3];108;72;144;109;143;maps/fondos/world/water-tile.png;null
[1,3];109;73;145;110;108;maps/fondos/world/water-tile.png;null
[2,3];110;74;146;111;109;maps/fondos/world/tile-110.png;null
[3,3];111;75;147;112;110;maps/fondos/world/grass-tile.png;null
[4,3];112;76;148;113;111;maps/fondos/world/grass-tile.png;null
[5,3];113;77;149;114;112;maps/fondos/world/grass-tile.png;null
[6,3];114;78;150;115;113;maps/fondos/world/grass-tile.png;null
[7,3];115;79;151;116;114;maps/fondos/world/grass-tile.png;null
[8,3];116;80;152;117;115;maps/fondos/world/grass-tile.png;null
[9,3];117;81;153;118;116;maps/fondos/world/tile-117.png;null
[10,3];118;82;154;119;117;maps/fondos/world/tile-118.png;null
[11,3];119;83;155;120;118;maps/fondos/world/water-tile.png;null
[12,3];120;84;156;121;119;maps/fondos/world/water-tile.png;null
[13,3];121;85;157;122;120;maps/fondos/world/water-tile.png;null
[14,3];122;86;158;123;121;maps/fondos/world/water-tile.png;null
[15,3];123;87;159;124;122;maps/fondos/world/water-tile.png;null
[16,3];124;88;160;125;123;maps/fondos/world/water-tile.png;null
[17,3];125;89;161;126;124;maps/fondos/world/tile-125.png;null
[18,3];126;90;162;127;125;maps/fondos/world/grass-tile.png;null
[19,3];127;91;163;128;126;maps/fondos/world/grass-tile.png;null
[20,3];128;92;164;129;127;maps/fondos/world/grass-tile.png;null
[21,3];129;93;165;130;128;maps/fondos/world/grass-tile.png;null
[22,3];130;94;166;131;129;maps/fondos/world/grass-tile.png;null
[23,3];131;95;167;132;130;maps/fondos/world/grass-tile.png;null
[24,3];132;96;168;133;131;maps/fondos/world/grass-tile.png;null
[25,3];133;97;169;134;132;maps/fondos/world/grass-tile.png;null
[26,3];134;98;170;135;133;maps/fondos/world/grass-tile.png;null
[27,3];135;99;171;136;134;maps/fondos/world/grass-tile.png;null
[28,3];136;100;172;137;135;maps/fondos/world/grass-tile.png;null
[29,3];137;101;173;138;136;maps/fondos/world/grass-tile.png;null
[30,3];138;102;174;139;137;maps/fondos/world/grass-tile.png;null
[31,3];139;103;175;140;138;maps/fondos/world/tile-139.png;null
[32,3];140;104;176;141;139;maps/fondos/world/water-tile.png;null
[33,3];141;105;177;142;140;maps/fondos/world/water-tile.png;null
[34,3];142;106;178;143;141;maps/fondos/world/water-tile.png;null
[35,3];143;107;179;108;142;maps/fondos/world/water-tile.png;null
[0,4];144;108;180;145;179;maps/fondos/world/water-tile.png;null
[1,4];145;109;181;146;144;maps/fondos/world/water-tile.png;null
[2,4];146;110;182;147;145;maps/fondos/world/tile-146.png;null
[3,4];147;111;183;148;146;maps/fondos/world/grass-tile.png;null
[4,4];148;112;184;149;147;maps/fondos/world/grass-tile.png;null
[5,4];149;113;185;150;148;maps/fondos/world/grass-tile.png;null
[6,4];150;114;186;151;149;maps/fondos/world/grass-tile.png;null
[7,4];151;115;187;152;150;maps/fondos/world/grass-tile.png;null
[8,4];152;116;188;153;151;maps/fondos/world/grass-tile.png;null
[9,4];153;117;189;154;152;maps/fondos/world/grass-tile.png;null
[10,4];154;118;190;155;153;maps/fondos/world/tile-154.png;null
[11,4];155;119;191;156;154;maps/fondos/world/water-tile.png;null
[12,4];156;120;192;157;155;maps/fondos/world/water-tile.png;null
[13,4];157;121;193;158;156;maps/fondos/world/water-tile.png;null
[14,4];158;122;194;159;157;maps/fondos/world/water-tile.png;null
[15,4];159;123;195;160;158;maps/fondos/world/water-tile.png;null
[16,4];160;124;196;161;159;maps/fondos/world/tile-160.png;null
[17,4];161;125;197;162;160;maps/fondos/world/tile-161.png;null
[18,4];162;126;198;163;161;maps/fondos/world/grass-tile.png;null
[19,4];163;127;199;164;162;maps/fondos/world/grass-tile.png;null
[20,4];164;128;200;165;163;maps/fondos/world/grass-tile.png;null
[21,4];165;129;201;166;164;maps/fondos/world/grass-tile.png;null
[22,4];166;130;202;167;165;maps/fondos/world/grass-tile.png;null
[23,4];167;131;203;168;166;maps/fondos/world/grass-tile.png;null
[24,4];168;132;204;169;167;maps/fondos/world/grass-tile.png;null
[25,4];169;133;205;170;168;maps/fondos/world/grass-tile.png;null
[26,4];170;134;206;171;169;maps/fondos/world/grass-tile.png;null
[27,4];171;135;207;172;170;maps/fondos/world/grass-tile.png;null
[28,4];172;136;208;173;171;maps/fondos/world/grass-tile.png;null
[29,4];173;137;209;174;172;maps/fondos/world/grass-tile.png;null
[30,4];174;138;210;175;173;maps/fondos/world/grass-tile.png;null
[31,4];175;139;211;176;174;maps/fondos/world/tile-175.png;null
[32,4];176;140;212;177;175;maps/fondos/world/water-tile.png;null
[33,4];177;141;213;178;176;maps/fondos/world/water-tile.png;null
[34,4];178;142;214;179;177;maps/fondos/world/water-tile.png;null
[35,4];179;143;215;144;178;maps/fondos/world/water-tile.png;null
[0,5];180;144;216;181;215;maps/fondos/world/water-tile.png;null
[1,5];181;145;217;182;180;maps/fondos/world/water-tile.png;null
[2,5];182;146;218;183;181;maps/fondos/world/tile-182.png;null
[3,5];183;147;219;184;182;maps/fondos/world/grass-tile.png;null
[4,5];184;148;220;185;183;maps/fondos/world/grass-tile.png;null
[5,5];185;149;221;186;184;maps/fondos/world/grass-tile.png;null
[6,5];186;150;222;187;185;maps/fondos/world/grass-tile.png;null
[7,5];187;151;223;188;186;maps/fondos/world/grass-tile.png;null
[8,5];188;152;224;189;187;maps/fondos/world/grass-tile.png;null
[9,5];189;153;225;190;188;maps/fondos/world/grass-tile.png;null
[10,5];190;154;226;191;189;maps/fondos/world/tile-190.png;null
[11,5];191;155;227;192;190;maps/fondos/world/water-tile.png;null
[12,5];192;156;228;193;191;maps/fondos/world/water-tile.png;null
[13,5];193;157;229;194;192;maps/fondos/world/water-tile.png;null
[14,5];194;158;230;195;193;maps/fondos/world/water-tile.png;null
[15,5];195;159;231;196;194;maps/fondos/world/water-tile.png;null
[16,5];196;160;232;197;195;maps/fondos/world/tile-196.png;null
[17,5];197;161;233;198;196;maps/fondos/world/grass-tile.png;null
[18,5];198;162;234;199;197;maps/fondos/world/grass-tile.png;null
[19,5];199;163;235;200;198;maps/fondos/world/grass-tile.png;null
[20,5];200;164;236;201;199;maps/fondos/world/grass-tile.png;null
[21,5];201;165;237;202;200;maps/fondos/world/grass-tile.png;null
[22,5];202;166;238;203;201;maps/fondos/world/grass-tile.png;null
[23,5];203;167;239;204;202;maps/fondos/world/grass-tile.png;null
[24,5];204;168;240;205;203;maps/fondos/world/grass-tile.png;null
[25,5];205;169;241;206;204;maps/fondos/world/grass-tile.png;null
[26,5];206;170;242;207;205;maps/fondos/world/grass-tile.png;null
[27,5];207;171;243;208;206;maps/fondos/world/grass-tile.png;null
[28,5];208;172;244;209;207;maps/fondos/world/grass-tile.png;null
[29,5];209;173;245;210;208;maps/fondos/world/grass-tile.png;null
[30,5];210;174;246;211;209;maps/fondos/world/grass-tile.png;null
[31,5];211;175;247;212;210;maps/fondos/world/tile-211.png;null
[32,5];212;176;248;213;211;maps/fondos/world/water-tile.png;null
[33,5];213;177;249;214;212;maps/fondos/world/water-tile.png;null
[34,5];214;178;250;215;213;maps/fondos/world/water-tile.png;null
[35,5];215;179;251;180;214;maps/fondos/world/water-tile.png;null
[0,6];216;180;252;217;251;maps/fondos/world/water-tile.png;null
[1,6];217;181;253;218;216;maps/fondos/world/tile-217.png;null
[2,6];218;182;254;219;217;maps/fondos/world/tile-218.png;null
[3,6];219;183;255;220;218;maps/fondos/world/grass-tile.png;null
[4,6];220;184;256;221;219;maps/fondos/world/grass-tile.png;null
[5,6];221;185;257;222;220;maps/fondos/world/grass-tile.png;null
[6,6];222;186;258;223;221;maps/fondos/world/grass-tile.png;null
[7,6];223;187;259;224;222;maps/fondos/world/grass-tile.png;null
[8,6];224;188;260;225;223;maps/fondos/world/grass-tile.png;null
[9,6];225;189;261;226;224;maps/fondos/world/grass-tile.png;null
[10,6];226;190;262;227;225;maps/fondos/world/tile-226.png;null
[11,6];227;191;263;228;226;maps/fondos/world/water-tile.png;null
[12,6];228;192;264;229;227;maps/fondos/world/water-tile.png;null
[13,6];229;193;265;230;228;maps/fondos/world/water-tile.png;null
[14,6];230;194;266;231;229;maps/fondos/world/water-tile.png;null
[15,6];231;195;267;232;230;maps/fondos/world/water-tile.png;null
[16,6];232;196;268;233;231;maps/fondos/world/tile-232.png;null
[17,6];233;197;269;234;232;maps/fondos/world/tile-233.png;null
[18,6];234;198;270;235;233;maps/fondos/world/grass-tile.png;null
[19,6];235;199;271;236;234;maps/fondos/world/grass-tile.png;null
[20,6];236;200;272;237;235;maps/fondos/world/grass-tile.png;null
[21,6];237;201;273;238;236;maps/fondos/world/grass-tile.png;null
[22,6];238;202;274;239;237;maps/fondos/world/grass-tile.png;null
[23,6];239;203;275;240;238;maps/fondos/world/grass-tile.png;null
[24,6];240;204;276;241;239;maps/fondos/world/grass-tile.png;null
[25,6];241;205;277;242;240;maps/fondos/world/grass-tile.png;null
[26,6];242;206;278;243;241;maps/fondos/world/grass-tile.png;null
[27,6];243;207;279;244;242;maps/fondos/world/grass-tile.png;null
[28,6];244;208;280;245;243;maps/fondos/world/grass-tile.png;null
[29,6];245;209;281;246;244;maps/fondos/world/grass-tile.png;null
[30,6];246;210;282;247;245;maps/fondos/world/grass-tile.png;null
[31,6];247;211;283;248;246;maps/fondos/world/tile-247.png;null
[32,6];248;212;284;249;247;maps/fondos/world/water-tile.png;null
[33,6];249;213;285;250;248;maps/fondos/world/water-tile.png;null
[34,6];250;214;286;251;249;maps/fondos/world/water-tile.png;null
[35,6];251;215;287;216;250;maps/fondos/world/water-tile.png;null
[0,7];252;216;288;253;287;maps/fondos/world/water-tile.png;null
[1,7];253;217;289;254;252;maps/fondos/world/tile-253.png;null
[2,7];254;218;290;255;253;maps/fondos/world/grass-tile.png;null
[3,7];255;219;291;256;254;maps/fondos/world/grass-tile.png;null
[4,7];256;220;292;257;255;maps/fondos/world/grass-tile.png;null
[5,7];257;221;293;258;256;maps/fondos/world/grass-tile.png;null
[6,7];258;222;294;259;257;maps/fondos/world/grass-tile.png;null
[7,7];259;223;295;260;258;maps/fondos/world/grass-tile.png;null
[8,7];260;224;296;261;259;maps/fondos/world/grass-tile.png;null
[9,7];261;225;297;262;260;maps/fondos/world/tile-261.png;null
[10,7];262;226;298;263;261;maps/fondos/world/tile-262.png;null
[11,7];263;227;299;264;262;maps/fondos/world/water-tile.png;null
[12,7];264;228;300;265;263;maps/fondos/world/water-tile.png;null
[13,7];265;229;301;266;264;maps/fondos/world/water-tile.png;null
[14,7];266;230;302;267;265;maps/fondos/world/water-tile.png;null
[15,7];267;231;303;268;266;maps/fondos/world/water-tile.png;null
[16,7];268;232;304;269;267;maps/fondos/world/water-tile.png;null
[17,7];269;233;305;270;268;maps/fondos/world/tile-269.png;null
[18,7];270;234;306;271;269;maps/fondos/world/grass-tile.png;null
[19,7];271;235;307;272;270;maps/fondos/world/grass-tile.png;null
[20,7];272;236;308;273;271;maps/fondos/world/grass-tile.png;null
[21,7];273;237;309;274;272;maps/fondos/world/grass-tile.png;null
[22,7];274;238;310;275;273;maps/fondos/world/grass-tile.png;null
[23,7];275;239;311;276;274;maps/fondos/world/grass-tile.png;null
[24,7];276;240;312;277;275;maps/fondos/world/grass-tile.png;null
[25,7];277;241;313;278;276;maps/fondos/world/grass-tile.png;null
[26,7];278;242;314;279;277;maps/fondos/world/grass-tile.png;null
[27,7];279;243;315;280;278;maps/fondos/world/grass-tile.png;null
[28,7];280;244;316;281;279;maps/fondos/world/grass-tile.png;null
[29,7];281;245;317;282;280;maps/fondos/world/tile-281.png;null
[30,7];282;246;318;283;281;maps/fondos/world/grass-tile.png;null
[31,7];283;247;319;284;282;maps/fondos/world/tile-283.png;null
[32,7];284;248;320;285;283;maps/fondos/world/water-tile.png;null
[33,7];285;249;321;286;284;maps/fondos/world/water-tile.png;null
[34,7];286;250;322;287;285;maps/fondos/world/water-tile.png;null
[35,7];287;251;323;252;286;maps/fondos/world/water-tile.png;null
[0,8];288;252;324;289;323;maps/fondos/world/water-tile.png;null
[1,8];289;253;325;290;288;maps/fondos/world/tile-289.png;null
[2,8];290;254;326;291;289;maps/fondos/world/tile-290.png;null
[3,8];291;255;327;292;290;maps/fondos/world/grass-tile.png;null
[4,8];292;256;328;293;291;maps/fondos/world/grass-tile.png;null
[5,8];293;257;329;294;292;maps/fondos/world/grass-tile.png;null
[6,8];294;258;330;295;293;maps/fondos/world/grass-tile.png;null
[7,8];295;259;331;296;294;maps/fondos/world/grass-tile.png;null
[8,8];296;260;332;297;295;maps/fondos/world/grass-tile.png;null
[9,8];297;261;333;298;296;maps/fondos/world/tile-297.png;null
[10,8];298;262;334;299;297;maps/fondos/world/water-tile.png;null
[11,8];299;263;335;300;298;maps/fondos/world/water-tile.png;null
[12,8];300;264;336;301;299;maps/fondos/world/water-tile.png;null
[13,8];301;265;337;302;300;maps/fondos/world/water-tile.png;null
[14,8];302;266;338;303;301;maps/fondos/world/water-tile.png;null
[15,8];303;267;339;304;302;maps/fondos/world/water-tile.png;null
[16,8];304;268;340;305;303;maps/fondos/world/water-tile.png;null
[17,8];305;269;341;306;304;maps/fondos/world/tile-305.png;null
[18,8];306;270;342;307;305;maps/fondos/world/tile-306.png;null
[19,8];307;271;343;308;306;maps/fondos/world/tile-307.png;null
[20,8];308;272;344;309;307;maps/fondos/world/tile-308.png;null
[21,8];309;273;345;310;308;maps/fondos/world/tile-309.png;null
[22,8];310;274;346;311;309;maps/fondos/world/tile-310.png;null
[23,8];311;275;347;312;310;maps/fondos/world/grass-tile.png;null
[24,8];312;276;348;313;311;maps/fondos/world/tile-312.png;null
[25,8];313;277;349;314;312;maps/fondos/world/tile-313.png;null
[26,8];314;278;350;315;313;maps/fondos/world/tile-314.png;null
[27,8];315;279;351;316;314;maps/fondos/world/tile-315.png;null
[28,8];316;280;352;317;315;maps/fondos/world/tile-316.png;null
[29,8];317;281;353;318;316;maps/fondos/world/tile-317.png;null
[30,8];318;282;354;319;317;maps/fondos/world/tile-318.png;null
[31,8];319;283;355;320;318;maps/fondos/world/tile-319.png;null
[32,8];320;284;356;321;319;maps/fondos/world/water-tile.png;null
[33,8];321;285;357;322;320;maps/fondos/world/water-tile.png;null
[34,8];322;286;358;323;321;maps/fondos/world/water-tile.png;null
[35,8];323;287;359;288;322;maps/fondos/world/water-tile.png;null
[0,9];324;288;360;325;359;maps/fondos/world/water-tile.png;null
[1,9];325;289;361;326;324;maps/fondos/world/water-tile.png;null
[2,9];326;290;362;327;325;maps/fondos/world/tile-326.png;null
[3,9];327;291;363;328;326;maps/fondos/world/grass-tile.png;null
[4,9];328;292;364;329;327;maps/fondos/world/grass-tile.png;null
[5,9];329;293;365;330;328;maps/fondos/world/grass-tile.png;null
[6,9];330;294;366;331;329;maps/fondos/world/grass-tile.png;null
[7,9];331;295;367;332;330;maps/fondos/world/grass-tile.png;null
[8,9];332;296;368;333;331;maps/fondos/world/grass-tile.png;null
[9,9];333;297;369;334;332;maps/fondos/world/tile-333.png;null
[10,9];334;298;370;335;333;maps/fondos/world/tile-334.png;null
[11,9];335;299;371;336;334;maps/fondos/world/water-tile.png;null
[12,9];336;300;372;337;335;maps/fondos/world/water-tile.png;null
[13,9];337;301;373;338;336;maps/fondos/world/water-tile.png;null
[14,9];338;302;374;339;337;maps/fondos/world/water-tile.png;null
[15,9];339;303;375;340;338;maps/fondos/world/water-tile.png;null
[16,9];340;304;376;341;339;maps/fondos/world/water-tile.png;null
[17,9];341;305;377;342;340;maps/fondos/world/water-tile.png;null
[18,9];342;306;378;343;341;maps/fondos/world/water-tile.png;null
[19,9];343;307;379;344;342;maps/fondos/world/water-tile.png;null
[20,9];344;308;380;345;343;maps/fondos/world/water-tile.png;null
[21,9];345;309;381;346;344;maps/fondos/world/water-tile.png;null
[22,9];346;310;382;347;345;maps/fondos/world/tile-346.png;null
[23,9];347;311;383;348;346;maps/fondos/world/tile-347.png;null
[24,9];348;312;384;349;347;maps/fondos/world/tile-348.png;null
[25,9];349;313;385;350;348;maps/fondos/world/tile-349.png;null
[26,9];350;314;386;351;349;maps/fondos/world/tile-350.png;null
[27,9];351;315;387;352;350;maps/fondos/world/tile-351.png;null
[28,9];352;316;388;353;351;maps/fondos/world/water-tile.png;null
[29,9];353;317;389;354;352;maps/fondos/world/water-tile.png;null
[30,9];354;318;390;355;353;maps/fondos/world/tile-354.png;null
[31,9];355;319;391;356;354;maps/fondos/world/water-tile.png;null
[32,9];356;320;392;357;355;maps/fondos/world/water-tile.png;null
[33,9];357;321;393;358;356;maps/fondos/world/water-tile.png;null
[34,9];358;322;394;359;357;maps/fondos/world/water-tile.png;null
[35,9];359;323;395;324;358;maps/fondos/world/water-tile.png;null
[0,10];360;324;396;361;395;maps/fondos/world/water-tile.png;null
[1,10];361;325;397;362;360;maps/fondos/world/water-tile.png;null
[2,10];362;326;398;363;361;maps/fondos/world/tile-362.png;null
[3,10];363;327;399;364;362;maps/fondos/world/grass-tile.png;null
[4,10];364;328;400;365;363;maps/fondos/world/grass-tile.png;null
[5,10];365;329;401;366;364;maps/fondos/world/grass-tile.png;null
[6,10];366;330;402;367;365;maps/fondos/world/grass-tile.png;null
[7,10];367;331;403;368;366;maps/fondos/world/grass-tile.png;null
[8,10];368;332;404;369;367;maps/fondos/world/grass-tile.png;null
[9,10];369;333;405;370;368;maps/fondos/world/grass-tile.png;null
[10,10];370;334;406;371;369;maps/fondos/world/tile-370.png;null
[11,10];371;335;407;372;370;maps/fondos/world/water-tile.png;null
[12,10];372;336;408;373;371;maps/fondos/world/water-tile.png;null
[13,10];373;337;409;374;372;maps/fondos/world/water-tile.png;null
[14,10];374;338;410;375;373;maps/fondos/world/tile-374.png;null
[15,10];375;339;411;376;374;maps/fondos/world/tile-375.png;null
[16,10];376;340;412;377;375;maps/fondos/world/tile-376.png;null
[17,10];377;341;413;378;376;maps/fondos/world/tile-377.png;null
[18,10];378;342;414;379;377;maps/fondos/world/tile-378.png;null
[19,10];379;343;415;380;378;maps/fondos/world/tile-379.png;null
[20,10];380;344;416;381;379;maps/fondos/world/tile-380.png;null
[21,10];381;345;417;382;380;maps/fondos/world/tile-381.png;null
[22,10];382;346;418;383;381;maps/fondos/world/tile-382.png;null
[23,10];383;347;419;384;382;maps/fondos/world/tile-383.png;null
[24,10];384;348;420;385;383;maps/fondos/world/tile-384.png;null
[25,10];385;349;421;386;384;maps/fondos/world/tile-385.png;null
[26,10];386;350;422;387;385;maps/fondos/world/tile-386.png;null
[27,10];387;351;423;388;386;maps/fondos/world/tile-387.png;null
[28,10];388;352;424;389;387;maps/fondos/world/tile-388.png;null
[29,10];389;353;425;390;388;maps/fondos/world/tile-389.png;null
[30,10];390;354;426;391;389;maps/fondos/world/tile-390.png;null
[31,10];391;355;427;392;390;maps/fondos/world/tile-391.png;null
[32,10];392;356;428;393;391;maps/fondos/world/tile-392.png;null
[33,10];393;357;429;394;392;maps/fondos/world/water-tile.png;null
[34,10];394;358;430;395;393;maps/fondos/world/water-tile.png;null
[35,10];395;359;431;360;394;maps/fondos/world/water-tile.png;null
[0,11];396;360;432;397;431;maps/fondos/world/water-tile.png;null
[1,11];397;361;433;398;396;maps/fondos/world/water-tile.png;null
[2,11];398;362;434;399;397;maps/fondos/world/tile-398.png;null
[3,11];399;363;435;400;398;maps/fondos/world/grass-tile.png;null
[4,11];400;364;436;401;399;maps/fondos/world/grass-tile.png;null
[5,11];401;365;437;402;400;maps/fondos/world/grass-tile.png;null
[6,11];402;366;438;403;401;maps/fondos/world/grass-tile.png;null
[7,11];403;367;439;404;402;maps/fondos/world/grass-tile.png;null
[8,11];404;368;440;405;403;maps/fondos/world/grass-tile.png;null
[9,11];405;369;441;406;404;maps/fondos/world/grass-tile.png;null
[10,11];406;370;442;407;405;maps/fondos/world/tile-406.png;null
[11,11];407;371;443;408;406;maps/fondos/world/water-tile.png;null
[12,11];408;372;444;409;407;maps/fondos/world/water-tile.png;null
[13,11];409;373;445;410;408;maps/fondos/world/tile-409.png;null
[14,11];410;374;446;411;409;maps/fondos/world/tile-410.png;null
[15,11];411;375;447;412;410;maps/fondos/world/tile-411.png;null
[16,11];412;376;448;413;411;maps/fondos/world/grass-tile 2.png;null
[17,11];413;377;449;414;412;maps/fondos/world/grass-tile 2.png;null
[18,11];414;378;450;415;413;maps/fondos/world/grass-tile 2.png;null
[19,11];415;379;451;416;414;maps/fondos/world/grass-tile 2.png;null
[20,11];416;380;452;417;415;maps/fondos/world/grass-tile 2.png;null
[21,11];417;381;453;418;416;maps/fondos/world/grass-tile 2.png;null
[22,11];418;382;454;419;417;maps/fondos/world/grass-tile 2.png;null
[23,11];419;383;455;420;418;maps/fondos/world/grass-tile 2.png;null
[24,11];420;384;456;421;419;maps/fondos/world/grass-tile 2.png;null
[25,11];421;385;457;422;420;maps/fondos/world/grass-tile 2.png;null
[26,11];422;386;458;423;421;maps/fondos/world/grass-tile 2.png;null
[27,11];423;387;459;424;422;maps/fondos/world/grass-tile 2.png;null
[28,11];424;388;460;425;423;maps/fondos/world/grass-tile 2.png;null
[29,11];425;389;461;426;424;maps/fondos/world/grass-tile 2.png;null
[30,11];426;390;462;427;425;maps/fondos/world/grass-tile 2.png;null
[31,11];427;391;463;428;426;maps/fondos/world/grass-tile 2.png;null
[32,11];428;392;464;429;427;maps/fondos/world/tile-428.png;null
[33,11];429;393;465;430;428;maps/fondos/world/tile-429.png;null
[34,11];430;394;466;431;429;maps/fondos/world/tile-430.png;null
[35,11];431;395;467;396;430;maps/fondos/world/water-tile.png;null
[0,12];432;396;468;433;467;maps/fondos/world/water-tile.png;null
[1,12];433;397;469;434;432;maps/fondos/world/water-tile.png;null
[2,12];434;398;470;435;433;maps/fondos/world/tile-434.png;null
[3,12];435;399;471;436;434;maps/fondos/world/grass-tile.png;null
[4,12];436;400;472;437;435;maps/fondos/world/grass-tile.png;null
[5,12];437;401;473;438;436;maps/fondos/world/grass-tile.png;null
[6,12];438;402;474;439;437;maps/fondos/world/grass-tile.png;null
[7,12];439;403;475;440;438;maps/fondos/world/grass-tile.png;null
[8,12];440;404;476;441;439;maps/fondos/world/grass-tile.png;null
[9,12];441;405;477;442;440;maps/fondos/world/tile-441.png;null
[10,12];442;406;478;443;441;maps/fondos/world/tile-442.png;null
[11,12];443;407;479;444;442;maps/fondos/world/water-tile.png;null
[12,12];444;408;480;445;443;maps/fondos/world/water-tile.png;null
[13,12];445;409;481;446;444;maps/fondos/world/tile-445.png;null
[14,12];446;410;482;447;445;maps/fondos/world/tile-446.png;null
[15,12];447;411;483;448;446;maps/fondos/world/grass-tile 2.png;null
[16,12];448;412;484;449;447;maps/fondos/world/grass-tile 2.png;null
[17,12];449;413;485;450;448;maps/fondos/world/grass-tile 2.png;null
[18,12];450;414;486;451;449;maps/fondos/world/grass-tile 2.png;null
[19,12];451;415;487;452;450;maps/fondos/world/grass-tile 2.png;null
[20,12];452;416;488;453;451;maps/fondos/world/grass-tile 2.png;null
[21,12];453;417;489;454;452;maps/fondos/world/grass-tile 2.png;null
[22,12];454;418;490;455;453;maps/fondos/world/grass-tile 2.png;null
[23,12];455;419;491;456;454;maps/fondos/world/grass-tile 2.png;null
[24,12];456;420;492;457;455;maps/fondos/world/grass-tile 2.png;null
[25,12];457;421;493;458;456;maps/fondos/world/grass-tile 2.png;null
[26,12];458;422;494;459;457;maps/fondos/world/grass-tile 2.png;null
[27,12];459;423;495;460;458;maps/fondos/world/grass-tile 2.png;null
[28,12];460;424;496;461;459;maps/fondos/world/grass-tile 2.png;null
[29,12];461;425;497;462;460;maps/fondos/world/grass-tile 2.png;null
[30,12];462;426;498;463;461;maps/fondos/world/grass-tile 2.png;null
[31,12];463;427;499;464;462;maps/fondos/world/grass-tile 2.png;null
[32,12];464;428;500;465;463;maps/fondos/world/grass-tile 2.png;null
[33,12];465;429;501;466;464;maps/fondos/world/tile-465.png;null
[34,12];466;430;502;467;465;maps/fondos/world/tile-466.png;null
[35,12];467;431;503;432;466;maps/fondos/world/water-tile.png;null
[0,13];468;432;504;469;503;maps/fondos/world/water-tile.png;null
[1,13];469;433;505;470;468;maps/fondos/world/water-tile.png;null
[2,13];470;434;506;471;469;maps/fondos/world/tile-470.png;null
[3,13];471;435;507;472;470;maps/fondos/world/tile-471.png;null
[4,13];472;436;508;473;471;maps/fondos/world/grass-tile.png;null
[5,13];473;437;509;474;472;maps/fondos/world/grass-tile.png;null
[6,13];474;438;510;475;473;maps/fondos/world/grass-tile.png;null
[7,13];475;439;511;476;474;maps/fondos/world/grass-tile.png;null
[8,13];476;440;512;477;475;maps/fondos/world/grass-tile.png;null
[9,13];477;441;513;478;476;maps/fondos/world/tile-477.png;null
[10,13];478;442;514;479;477;maps/fondos/world/water-tile.png;null
[11,13];479;443;515;480;478;maps/fondos/world/water-tile.png;null
[12,13];480;444;516;481;479;maps/fondos/world/water-tile.png;null
[13,13];481;445;517;482;480;maps/fondos/world/water-tile.png;null
[14,13];482;446;518;483;481;maps/fondos/world/tile-482.png;null
[15,13];483;447;519;484;482;maps/fondos/world/grass-tile 2.png;null
[16,13];484;448;520;485;483;maps/fondos/world/grass-tile 2.png;null
[17,13];485;449;521;486;484;maps/fondos/world/grass-tile 2.png;null
[18,13];486;450;522;487;485;maps/fondos/world/grass-tile 2.png;null
[19,13];487;451;523;488;486;maps/fondos/world/grass-tile 2.png;null
[20,13];488;452;524;489;487;maps/fondos/world/grass-tile 2.png;null
[21,13];489;453;525;490;488;maps/fondos/world/grass-tile 2.png;null
[22,13];490;454;526;491;489;maps/fondos/world/grass-tile 2.png;null
[23,13];491;455;527;492;490;maps/fondos/world/grass-tile 2.png;null
[24,13];492;456;528;493;491;maps/fondos/world/grass-tile 2.png;null
[25,13];493;457;529;494;492;maps/fondos/world/grass-tile 2.png;null
[26,13];494;458;530;495;493;maps/fondos/world/grass-tile 2.png;null
[27,13];495;459;531;496;494;maps/fondos/world/grass-tile 2.png;null
[28,13];496;460;532;497;495;maps/fondos/world/grass-tile 2.png;null
[29,13];497;461;533;498;496;maps/fondos/world/grass-tile 2.png;null
[30,13];498;462;534;499;497;maps/fondos/world/grass-tile 2.png;null
[31,13];499;463;535;500;498;maps/fondos/world/grass-tile 2.png;null
[32,13];500;464;536;501;499;maps/fondos/world/grass-tile 2.png;null
[33,13];501;465;537;502;500;maps/fondos/world/tile-501.png;null
[34,13];502;466;538;503;501;maps/fondos/world/tile-502.png;null
[35,13];503;467;539;468;502;maps/fondos/world/water-tile.png;null
[0,14];504;468;540;505;539;maps/fondos/world/water-tile.png;null
[1,14];505;469;541;506;504;maps/fondos/world/water-tile.png;null
[2,14];506;470;542;507;505;maps/fondos/world/water-tile.png;null
[3,14];507;471;543;508;506;maps/fondos/world/tile-507.png;null
[4,14];508;472;544;509;507;maps/fondos/world/grass-tile.png;null
[5,14];509;473;545;510;508;maps/fondos/world/grass-tile.png;null
[6,14];510;474;546;511;509;maps/fondos/world/grass-tile.png;null
[7,14];511;475;547;512;510;maps/fondos/world/grass-tile.png;null
[8,14];512;476;548;513;511;maps/fondos/world/grass-tile.png;null
[9,14];513;477;549;514;512;maps/fondos/world/tile-513.png;null
[10,14];514;478;550;515;513;maps/fondos/world/water-tile.png;null
[11,14];515;479;551;516;514;maps/fondos/world/water-tile.png;null
[12,14];516;480;552;517;515;maps/fondos/world/water-tile.png;null
[13,14];517;481;553;518;516;maps/fondos/world/tile-517.png;null
[14,14];518;482;554;519;517;maps/fondos/world/tile-518.png;null
[15,14];519;483;555;520;518;maps/fondos/world/grass-tile 2.png;null
[16,14];520;484;556;521;519;maps/fondos/world/grass-tile 2.png;null
[17,14];521;485;557;522;520;maps/fondos/world/grass-tile 2.png;null
[18,14];522;486;558;523;521;maps/fondos/world/grass-tile 2.png;null
[19,14];523;487;559;524;522;maps/fondos/world/grass-tile 2.png;null
[20,14];524;488;560;525;523;maps/fondos/world/grass-tile 2.png;null
[21,14];525;489;561;526;524;maps/fondos/world/grass-tile 2.png;null
[22,14];526;490;562;527;525;maps/fondos/world/grass-tile 2.png;null
[23,14];527;491;563;528;526;maps/fondos/world/grass-tile 2.png;null
[24,14];528;492;564;529;527;maps/fondos/world/grass-tile 2.png;null
[25,14];529;493;565;530;528;maps/fondos/world/grass-tile 2.png;null
[26,14];530;494;566;531;529;maps/fondos/world/grass-tile 2.png;null
[27,14];531;495;567;532;530;maps/fondos/world/grass-tile 2.png;null
[28,14];532;496;568;533;531;maps/fondos/world/grass-tile 2.png;null
[29,14];533;497;569;534;532;maps/fondos/world/grass-tile 2.png;null
[30,14];534;498;570;535;533;maps/fondos/world/grass-tile 2.png;null
[31,14];535;499;571;536;534;maps/fondos/world/grass-tile 2.png;null
[32,14];536;500;572;537;535;maps/fondos/world/grass-tile 2.png;null
[33,14];537;501;573;538;536;maps/fondos/world/tile-537.png;null
[34,14];538;502;574;539;537;maps/fondos/world/water-tile.png;null
[35,14];539;503;575;504;538;maps/fondos/world/water-tile.png;null
[0,15];540;504;576;541;575;maps/fondos/world/water-tile.png;null
[1,15];541;505;577;542;540;maps/fondos/world/water-tile.png;null
[2,15];542;506;578;543;541;maps/fondos/world/water-tile.png;null
[3,15];543;507;579;544;542;maps/fondos/world/tile-543.png;null
[4,15];544;508;580;545;543;maps/fondos/world/tile-544.png;null
[5,15];545;509;581;546;544;maps/fondos/world/tile-545.png;null
[6,15];546;510;582;547;545;maps/fondos/world/grass-tile.png;null
[7,15];547;511;583;548;546;maps/fondos/world/tile-547.png;null
[8,15];548;512;584;549;547;maps/fondos/world/tile-548.png;null
[9,15];549;513;585;550;548;maps/fondos/world/tile-549.png;null
[10,15];550;514;586;551;549;maps/fondos/world/water-tile.png;null
[11,15];551;515;587;552;550;maps/fondos/world/water-tile.png;null
[12,15];552;516;588;553;551;maps/fondos/world/water-tile.png;null
[13,15];553;517;589;554;552;maps/fondos/world/tile-553.png;null
[14,15];554;518;590;555;553;maps/fondos/world/tile-554.png;null
[15,15];555;519;591;556;554;maps/fondos/world/tile-555.png;null
[16,15];556;520;592;557;555;maps/fondos/world/grass-tile 2.png;null
[17,15];557;521;593;558;556;maps/fondos/world/grass-tile 2.png;null
[18,15];558;522;594;559;557;maps/fondos/world/grass-tile 2.png;null
[19,15];559;523;595;560;558;maps/fondos/world/grass-tile 2.png;null
[20,15];560;524;596;561;559;maps/fondos/world/grass-tile 2.png;null
[21,15];561;525;597;562;560;maps/fondos/world/grass-tile 2.png;null
[22,15];562;526;598;563;561;maps/fondos/world/grass-tile 2.png;null
[23,15];563;527;599;564;562;maps/fondos/world/grass-tile 2.png;null
[24,15];564;528;600;565;563;maps/fondos/world/grass-tile 2.png;null
[25,15];565;529;601;566;564;maps/fondos/world/grass-tile 2.png;null
[26,15];566;530;602;567;565;maps/fondos/world/grass-tile 2.png;null
[27,15];567;531;603;568;566;maps/fondos/world/grass-tile 2.png;null
[28,15];568;532;604;569;567;maps/fondos/world/grass-tile 2.png;null
[29,15];569;533;605;570;568;maps/fondos/world/grass-tile 2.png;null
[30,15];570;534;606;571;569;maps/fondos/world/grass-tile 2.png;null
[31,15];571;535;607;572;570;maps/fondos/world/grass-tile 2.png;null
[32,15];572;536;608;573;571;maps/fondos/world/grass-tile 2.png;null
[33,15];573;537;609;574;572;maps/fondos/world/tile-573.png;null
[34,15];574;538;610;575;573;maps/fondos/world/water-tile.png;null
[35,15];575;539;611;540;574;maps/fondos/world/water-tile.png;null
[0,16];576;540;612;577;611;maps/fondos/world/water-tile.png;null
[1,16];577;541;613;578;576;maps/fondos/world/water-tile.png;null
[2,16];578;542;614;579;577;maps/fondos/world/water-tile.png;null
[3,16];579;543;615;580;578;maps/fondos/world/water-tile.png;null
[4,16];580;544;616;581;579;maps/fondos/world/water-tile.png;null
[5,16];581;545;617;582;580;maps/fondos/world/tile-581.png;null
[6,16];582;546;618;583;581;maps/fondos/world/tile-582.png;null
[7,16];583;547;619;584;582;maps/fondos/world/tile-583.png;null
[8,16];584;548;620;585;583;maps/fondos/world/tile-584.png;null
[9,16];585;549;621;586;584;maps/fondos/world/water-tile.png;null
[10,16];586;550;622;587;585;maps/fondos/world/water-tile.png;null
[11,16];587;551;623;588;586;maps/fondos/world/water-tile.png;null
[12,16];588;552;624;589;587;maps/fondos/world/water-tile.png;null
[13,16];589;553;625;590;588;maps/fondos/world/water-tile.png;null
[14,16];590;554;626;591;589;maps/fondos/world/water-tile.png;null
[15,16];591;555;627;592;590;maps/fondos/world/tile-591.png;null
[16,16];592;556;628;593;591;maps/fondos/world/tile-592.png;null
[17,16];593;557;629;594;592;maps/fondos/world/tile-593.png;null
[18,16];594;558;630;595;593;maps/fondos/world/tile-594.png;null
[19,16];595;559;631;596;594;maps/fondos/world/tile-595.png;null
[20,16];596;560;632;597;595;maps/fondos/world/grass-tile 2.png;null
[21,16];597;561;633;598;596;maps/fondos/world/grass-tile 2.png;null
[22,16];598;562;634;599;597;maps/fondos/world/tile-598.png;null
[23,16];599;563;635;600;598;maps/fondos/world/tile-599.png;null
[24,16];600;564;636;601;599;maps/fondos/world/grass-tile 2.png;null
[25,16];601;565;637;602;600;maps/fondos/world/grass-tile 2.png;null
[26,16];602;566;638;603;601;maps/fondos/world/grass-tile 2.png;null
[27,16];603;567;639;604;602;maps/fondos/world/tile-603.png;null
[28,16];604;568;640;605;603;maps/fondos/world/tile-604.png;null
[29,16];605;569;641;606;604;maps/fondos/world/grass-tile 2.png;null
[30,16];606;570;642;607;605;maps/fondos/world/grass-tile 2.png;null
[31,16];607;571;643;608;606;maps/fondos/world/tile-607.png;null
[32,16];608;572;644;609;607;maps/fondos/world/tile-608.png;null
[33,16];609;573;645;610;608;maps/fondos/world/tile-609.png;null
[34,16];610;574;646;611;609;maps/fondos/world/water-tile.png;null
[35,16];611;575;647;576;610;maps/fondos/world/water-tile.png;null
[0,17];612;576;647;613;647;maps/fondos/world/tile-612.png;maps/colisiones/world/colition-south.png
[1,17];613;577;646;614;612;maps/fondos/world/tile-613.png;maps/colisiones/world/colition-south.png
[2,17];614;578;645;615;613;maps/fondos/world/tile-614.png;maps/colisiones/world/colition-south.png
[3,17];615;579;644;616;614;maps/fondos/world/tile-615.png;maps/colisiones/world/colition-south.png
[4,17];616;580;643;617;615;maps/fondos/world/tile-616.png;maps/colisiones/world/colition-south.png
[5,17];617;581;642;618;616;maps/fondos/world/tile-617.png;maps/colisiones/world/colition-south.png
[6,17];618;582;641;619;617;maps/fondos/world/tile-618.png;maps/colisiones/world/colition-south.png
[7,17];619;583;640;620;618;maps/fondos/world/tile-619.png;maps/colisiones/world/colition-south.png
[8,17];620;584;639;621;619;maps/fondos/world/tile-620.png;maps/colisiones/world/colition-south.png
[9,17];621;585;638;622;620;maps/fondos/world/tile-621.png;maps/colisiones/world/colition-south.png
[10,17];622;586;637;623;621;maps/fondos/world/tile-622.png;maps/colisiones/world/colition-south.png
[11,17];623;587;636;624;622;maps/fondos/world/tile-623.png;maps/colisiones/world/colition-south.png
[12,17];624;588;635;625;623;maps/fondos/world/tile-624.png;maps/colisiones/world/colition-south.png
[13,17];625;589;634;626;624;maps/fondos/world/tile-625.png;maps/colisiones/world/colition-south.png
[14,17];626;590;633;627;625;maps/fondos/world/tile-626.png;maps/colisiones/world/colition-south.png
[15,17];627;591;632;628;626;maps/fondos/world/tile-627.png;maps/colisiones/world/colition-south.png
[16,17];628;592;631;629;627;maps/fondos/world/tile-628.png;maps/colisiones/world/colition-south.png
[17,17];629;593;630;630;628;maps/fondos/world/tile-629.png;maps/colisiones/world/colition-south.png
[18,17];630;594;629;631;629;maps/fondos/world/tile-630.png;maps/colisiones/world/colition-south.png
[19,17];631;595;628;632;630;maps/fondos/world/tile-631.png;maps/colisiones/world/colition-south.png
[20,17];632;596;627;633;631;maps/fondos/world/tile-632.png;maps/colisiones/world/colition-south.png
[21,17];633;597;626;634;632;maps/fondos/world/tile-633.png;maps/colisiones/world/colition-south.png
[22,17];634;598;625;635;633;maps/fondos/world/tile-634.png;maps/colisiones/world/colition-south.png
[23,17];635;599;624;636;634;maps/fondos/world/tile-635.png;maps/colisiones/world/colition-south.png
[24,17];636;600;623;637;635;maps/fondos/world/tile-636.png;maps/colisiones/world/colition-south.png
[25,17];637;601;622;638;636;maps/fondos/world/tile-637.png;maps/colisiones/world/colition-south.png
[26,17];638;602;621;639;637;maps/fondos/world/tile-638.png;maps/colisiones/world/colition-south.png
[27,17];639;603;620;640;638;maps/fondos/world/tile-639.png;maps/colisiones/world/colition-south.png
[28,17];640;604;619;641;639;maps/fondos/world/tile-640.png;maps/colisiones/world/colition-south.png
[29,17];641;605;618;642;640;maps/fondos/world/tile-641.png;maps/colisiones/world/colition-south.png
[30,17];642;606;617;643;641;maps/fondos/world/tile-642.png;maps/colisiones/world/colition-south.png
[31,17];643;607;616;644;642;maps/fondos/world/tile-643.png;maps/colisiones/world/colition-south.png
[32,17];644;608;615;645;643;maps/fondos/world/tile-644.png;maps/colisiones/world/colition-south.png
[33,17];645;609;614;646;644;maps/fondos/world/tile-645.png;maps/colisiones/world/colition-south.png
[34,17];646;610;613;647;645;maps/fondos/world/tile-646.png;maps/colisiones/world/colition-south.png
[35,17];647;611;612;612;646;maps/fondos/world/tile-647.png;maps/colisiones/world/colition-south.png
[0,18];684;576;685;null;719;maps/fondos/world/snow-tile.png;null
[1,18];685;577;686;null;684;maps/fondos/world/snow-tile.png;null
[2,18];686;578;687;null;685;maps/fondos/world/snow-tile.png;null
[3,18];687;579;688;null;686;maps/fondos/world/snow-tile.png;null
[4,18];688;580;689;null;687;maps/fondos/world/snow-tile.png;null
[5,18];689;581;690;null;688;maps/fondos/world/snow-tile.png;null
[6,18];690;582;691;null;689;maps/fondos/world/snow-tile.png;null
[7,18];691;583;692;null;690;maps/fondos/world/snow-tile.png;null
[8,18];692;584;693;null;691;maps/fondos/world/snow-tile.png;null
[9,18];693;585;694;null;692;maps/fondos/world/snow-tile.png;null
[10,18];694;586;695;null;693;maps/fondos/world/snow-tile.png;null
[11,18];695;587;696;null;694;maps/fondos/world/snow-tile.png;null
[12,18];696;588;697;null;695;maps/fondos/world/snow-tile.png;null
[13,18];697;589;698;null;696;maps/fondos/world/snow-tile.png;null
[14,18];698;590;699;null;697;maps/fondos/world/snow-tile.png;null
[15,18];699;591;700;null;698;maps/fondos/world/snow-tile.png;null
[16,18];700;592;701;null;699;maps/fondos/world/snow-tile.png;null
[17,18];701;593;702;null;700;maps/fondos/world/snow-tile.png;null
[18,18];702;594;703;null;701;maps/fondos/world/snow-tile.png;null
[19,18];703;595;704;null;702;maps/fondos/world/snow-tile.png;null
[20,18];704;596;705;null;703;maps/fondos/world/snow-tile.png;null
[21,18];705;597;706;null;704;maps/fondos/world/snow-tile.png;null
[22,18];706;598;707;null;705;maps/fondos/world/snow-tile.png;null
[23,18];707;599;708;null;706;maps/fondos/world/snow-tile.png;null
[24,18];708;600;709;null;707;maps/fondos/world/snow-tile.png;null
[25,18];709;601;710;null;708;maps/fondos/world/snow-tile.png;null
[26,18];710;602;711;null;709;maps/fondos/world/snow-tile.png;null
[27,18];711;603;712;null;710;maps/fondos/world/snow-tile.png;null
[28,18];712;604;713;null;711;maps/fondos/world/snow-tile.png;null
[29,18];713;605;714;null;712;maps/fondos/world/snow-tile.png;null
[30,18];714;606;715;null;713;maps/fondos/world/snow-tile.png;null
[31,18];715;607;716;null;714;maps/fondos/world/snow-tile.png;null
[32,18];716;608;717;null;715;maps/fondos/world/snow-tile.png;null
[33,18];717;609;718;null;716;maps/fondos/world/snow-tile.png;null
[34,18];718;610;719;null;717;maps/fondos/world/snow-tile.png;null
[35,18];719;611;684;null;718;maps/fondos/world/snow-tile.png;null
